t,S1,S2,S3,E1,E2,E3,Ev,Eq,Sp,Sq,Ep_q,void,gamma,G,nu,Sy,M,Group
0,-100000,-100000,-100000,0,0,0,0,1.72063788530119e-08,100000,2.58095682795178e-08,0,0.5,0,100000000,0.25,100000,0.577350269189626,1
0.01,-110000,-95000,-95000,-5e-05,2.5e-05,2.5e-05,0,5.00000029605946e-05,100000,15000,0,0.5,0,100000000,0.25,100000,0.577350269189626,1
0.02,-120000,-90000,-90000,-0.0001,5e-05,5e-05,0,0.000100000001480297,100000,30000,0,0.5,0,100000000,0.25,100000,0.577350269189626,1
0.03,-130000,-85000,-85000,-0.00015,7.5e-05,7.5e-05,0,0.000150000000986865,100000,45000,0,0.5,0,100000000,0.25,100000,0.577350269189626,1
0.04,-140000,-80000,-80000,-0.0002,9.99999999999999e-05,9.99999999999999e-05,0,0.000200000000740149,100000,60000,0,0.5,0,100000000,0.25,100000,0.577350269189626,1
0.05,-150000,-75000,-75000,-0.00025,0.000125,0.000125,0,0.000250000000592119,100000,75000,0,0.5,0,100000000,0.25,100000,0.577350269189626,1
0.06,-160000,-70000,-70000,-0.0003,0.00015,0.00015,0,0.000300000000493432,100000,89999.9999999999,0,0.5,0,100000000,0.25,100000,0.577350269189626,1
0.07,-170000,-65000,-65000,-0.00035,0.000175,0.000175,0,0.000350000000422942,100000,105000,0,0.5,0,100000000,0.25,100000,0.577350269189626,1
0.08,-180000,-60000,-60000,-0.0004,0.0002,0.0002,0,0.000400000000370074,100000,120000,0,0.5,0,100000000,0.25,100000,0.577350269189626,1
0.09,-190000,-55000,-55000,-0.00045,0.000225,0.000225,0,0.000450000000328955,100000,135000,0,0.5,0,100000000,0.25,100000,0.577350269189626,1
0.1,-200000,-50000,-50000,-0.0005,0.00025,0.00025,0,0.000500000000296059,100000,150000,0,0.5,0,100000000,0.25,100000,0.577350269189626,1
0.11,-208288.473751883,-48236.2752109815,-48236.2752109815,-0.00055,0.000275,0.000275,0,0.000550000000269145,101587.008057949,160052.198540901,1.64926715303288e-05,0.5,1.64926715303288e-05,100000000,0.25,100000,0.577350269189626,1
0.12,-213910.467832122,-51514.519291221,-51514.519291221,-0.0006,0.0003,0.0003,0,0.000600000000246716,105646.502138188,162395.948540901,5.86801715303288e-05,0.5,5.86801715303288e-05,100000000,0.25,100000,0.577350269189626,1
0.13,-219532.461912362,-54792.7633714606,-54792.7633714606,-0.00065,0.000325,0.000325,0,0.000650000000227738,109705.996218428,164739.698540901,0.000100867671530329,0.5,0.000100867671530329,100000000,0.25,100000,0.577350269189626,1
0.14,-225154.455992601,-58071.0074517001,-58071.0074517001,-0.0007,0.00035,0.00035,0,0.000700000000211471,113765.490298667,167083.448540901,0.000143055171530329,0.5,0.000143055171530329,100000000,0.25,100000,0.577350269189626,1
0.15,-230776.450072841,-61349.2515319397,-61349.2515319397,-0.00075,0.000375,0.000375,0,0.000750000000197373,117824.984378907,169427.198540901,0.000185242671530329,0.5,0.000185242671530329,100000000,0.25,100000,0.577350269189626,1
0.16,-236398.444153081,-64627.4956121792,-64627.4956121792,-0.0008,0.0004,0.0004,0,0.000800000000185037,121884.478459146,171770.948540901,0.000227430171530329,0.5,0.000227430171530329,100000000,0.25,100000,0.577350269189626,1
0.17,-242020.43823332,-67905.7396924188,-67905.7396924188,-0.00085,0.000425,0.000425,0,0.000850000000174152,125943.972539386,174114.698540901,0.000269617671530329,0.5,0.000269617671530329,100000000,0.25,100000,0.577350269189626,1
0.18,-247642.43231356,-71183.9837726583,-71183.9837726583,-0.0009,0.00045,0.00045,0,0.000900000000164477,130003.466619625,176458.448540901,0.000311805171530329,0.5,0.000311805171530329,100000000,0.25,100000,0.577350269189626,1
0.19,-253264.426393799,-74462.2278528979,-74462.2278528979,-0.00095,0.000475,0.000475,0,0.000950000000155821,134062.960699865,178802.198540901,0.000353992671530329,0.5,0.000353992671530329,100000000,0.25,100000,0.577350269189626,1
0.2,-258886.420474039,-77740.4719331375,-77740.4719331375,-0.001,0.0005,0.0005,0,0.00100000000014803,138122.454780105,181145.948540901,0.000396180171530329,0.5,0.000396180171530329,100000000,0.25,100000,0.577350269189626,1
0.21,-264508.414554278,-81018.716013377,-81018.716013377,-0.00105,0.000525,0.000525,0,0.00105000000014098,142181.948860344,183489.698540901,0.000438367671530329,0.5,0.000438367671530329,100000000,0.25,100000,0.577350269189626,1
0.22,-270130.408634518,-84296.9600936165,-84296.9600936165,-0.0011,0.00055,0.00055,0,0.00110000000013457,146241.442940584,185833.448540901,0.000480555171530329,0.5,0.000480555171530329,100000000,0.25,100000,0.577350269189626,1
0.23,-275752.402714757,-87575.2041738561,-87575.2041738561,-0.00115,0.000575,0.000575,0,0.00115000000012872,150300.937020823,188177.198540901,0.000522742671530329,0.5,0.000522742671530329,100000000,0.25,100000,0.577350269189626,1
0.24,-281374.396794997,-90853.4482540956,-90853.4482540956,-0.0012,0.0006,0.0006,0,0.00120000000012336,154360.431101063,190520.948540901,0.000564930171530329,0.5,0.000564930171530329,100000000,0.25,100000,0.577350269189626,1
0.25,-286996.390875237,-94131.6923343352,-94131.6923343352,-0.00125,0.000625,0.000625,0,0.00125000000011842,158419.925181302,192864.698540901,0.000607117671530329,0.5,0.000607117671530329,100000000,0.25,100000,0.577350269189626,1
0.26,-292618.384955476,-97409.9364145748,-97409.9364145748,-0.0013,0.00065,0.00065,0,0.00130000000011387,162479.419261542,195208.448540901,0.000649305171530329,0.5,0.000649305171530329,100000000,0.25,100000,0.577350269189626,1
0.27,-298240.379035716,-100688.180494814,-100688.180494814,-0.00135,0.000675,0.000675,0,0.00135000000010965,166538.913341781,197552.198540901,0.000691492671530329,0.5,0.000691492671530329,100000000,0.25,100000,0.577350269189626,1
0.28,-303862.373115955,-103966.424575054,-103966.424575054,-0.0014,0.0007,0.0007,0,0.00140000000010574,170598.407422021,199895.948540901,0.000733680171530329,0.5,0.000733680171530329,100000000,0.25,100000,0.577350269189626,1
0.29,-309484.367196195,-107244.668655293,-107244.668655293,-0.00145,0.000725,0.000725,0,0.00145000000010209,174657.901502261,202239.698540901,0.000775867671530329,0.5,0.000775867671530329,100000000,0.25,100000,0.577350269189626,1
0.3,-315106.361276434,-110522.912735533,-110522.912735533,-0.0015,0.00075,0.00075,0,0.00150000000009869,178717.3955825,204583.448540901,0.000818055171530329,0.5,0.000818055171530329,100000000,0.25,100000,0.577350269189626,1
0.31,-320728.355356674,-113801.156815773,-113801.156815773,-0.00155,0.000775,0.000775,0,0.0015500000000955,182776.88966274,206927.198540901,0.000860242671530329,0.5,0.000860242671530329,100000000,0.25,100000,0.577350269189626,1
0.32,-326350.349436913,-117079.400896012,-117079.400896012,-0.0016,0.0008,0.0008,0,0.00160000000009252,186836.383742979,209270.948540901,0.000902430171530329,0.5,0.000902430171530329,100000000,0.25,100000,0.577350269189626,1
0.33,-331972.343517153,-120357.644976252,-120357.644976252,-0.00165,0.000825,0.000825,0,0.00165000000008971,190895.877823219,211614.698540901,0.000944617671530329,0.5,0.000944617671530329,100000000,0.25,100000,0.577350269189626,1
0.34,-337594.337597393,-123635.889056491,-123635.889056491,-0.0017,0.00085,0.00085,0,0.00170000000008708,194955.371903458,213958.448540901,0.000986805171530329,0.5,0.000986805171530329,100000000,0.25,100000,0.577350269189626,1
0.35,-343216.331677632,-126914.133136731,-126914.133136731,-0.00175,0.000875,0.000875,0,0.00175000000008459,199014.865983698,216302.198540901,0.00102899267153033,0.5,0.00102899267153033,100000000,0.25,100000,0.577350269189626,1
0.36,-348838.325757872,-130192.37721697,-130192.37721697,-0.0018,0.0009,0.0009,0,0.00180000000008224,203074.360063937,218645.948540901,0.00107118017153033,0.5,0.00107118017153033,100000000,0.25,100000,0.577350269189626,1
0.37,-354460.319838111,-133470.62129721,-133470.62129721,-0.00185,0.000925,0.000925,0,0.00185000000008002,207133.854144177,220989.698540901,0.00111336767153033,0.5,0.00111336767153033,100000000,0.25,100000,0.577350269189626,1
0.38,-360082.313918351,-136748.865377449,-136748.865377449,-0.0019,0.00095,0.00095,0,0.00190000000007791,211193.348224417,223333.448540901,0.00115555517153033,0.5,0.00115555517153033,100000000,0.25,100000,0.577350269189626,1
0.39,-365704.30799859,-140027.109457689,-140027.109457689,-0.00195,0.000975,0.000975,0,0.00195000000007591,215252.842304656,225677.198540901,0.00119774267153033,0.5,0.00119774267153033,100000000,0.25,100000,0.577350269189626,1
0.4,-371326.30207883,-143305.353537929,-143305.353537929,-0.002,0.001,0.001,0,0.00200000000007401,219312.336384896,228020.948540901,0.00123993017153033,0.5,0.00123993017153033,100000000,0.25,100000,0.577350269189626,1
0.41,-376948.296159069,-146583.597618168,-146583.597618168,-0.00205,0.001025,0.001025,0,0.00205000000007221,223371.830465135,230364.698540901,0.00128211767153033,0.5,0.00128211767153033,100000000,0.25,100000,0.577350269189626,1
0.42,-382570.290239309,-149861.841698408,-149861.841698408,-0.0021,0.00105,0.00105,0,0.00210000000007049,227431.324545375,232708.448540901,0.00132430517153033,0.5,0.00132430517153033,100000000,0.25,100000,0.577350269189626,1
0.43,-388192.284319549,-153140.085778647,-153140.085778647,-0.00215,0.001075,0.001075,0,0.00215000000006885,231490.818625614,235052.198540901,0.00136649267153033,0.5,0.00136649267153033,100000000,0.25,100000,0.577350269189626,1
0.44,-393814.278399788,-156418.329858887,-156418.329858887,-0.0022,0.0011,0.0011,0,0.00220000000006729,235550.312705854,237395.948540901,0.00140868017153033,0.5,0.00140868017153033,100000000,0.25,100000,0.577350269189626,1
0.45,-399436.272480028,-159696.573939126,-159696.573939126,-0.00225,0.001125,0.001125,0,0.00225000000006579,239609.806786093,239739.698540901,0.00145086767153033,0.5,0.00145086767153033,100000000,0.25,100000,0.577350269189626,1
0.46,-405058.266560267,-162974.818019366,-162974.818019366,-0.0023,0.00115,0.00115,0,0.00230000000006436,243669.300866333,242083.448540901,0.00149305517153033,0.5,0.00149305517153033,100000000,0.25,100000,0.577350269189626,1
0.47,-410680.260640507,-166253.062099605,-166253.062099605,-0.00235,0.001175,0.001175,0,0.00235000000006299,247728.794946573,244427.198540901,0.00153524267153033,0.5,0.00153524267153033,100000000,0.25,100000,0.577350269189626,1
0.48,-416302.254720746,-169531.306179845,-169531.306179845,-0.0024,0.0012,0.0012,0,0.00240000000006168,251788.289026812,246770.948540901,0.00157743017153033,0.5,0.00157743017153033,100000000,0.25,100000,0.577350269189626,1
0.49,-421924.248800986,-172809.550260085,-172809.550260085,-0.00245,0.001225,0.001225,0,0.00245000000006042,255847.783107052,249114.698540901,0.00161961767153033,0.5,0.00161961767153033,100000000,0.25,100000,0.577350269189626,1
0.5,-427546.242881225,-176087.794340324,-176087.794340324,-0.0025,0.00125,0.00125,0,0.00250000000005921,259907.277187291,251458.448540901,0.00166180517153033,0.5,0.00166180517153033,100000000,0.25,100000,0.577350269189626,1
0.51,-433168.236961465,-179366.038420564,-179366.038420564,-0.00255,0.001275,0.001275,0,0.00255000000005805,263966.771267531,253802.198540901,0.00170399267153033,0.5,0.00170399267153033,100000000,0.25,100000,0.577350269189626,1
0.52,-438790.231041705,-182644.282500803,-182644.282500803,-0.0026,0.0013,0.0013,0,0.00260000000005693,268026.26534777,256145.948540901,0.00174618017153033,0.5,0.00174618017153033,100000000,0.25,100000,0.577350269189626,1
0.53,-444412.225121944,-185922.526581043,-185922.526581043,-0.00265,0.001325,0.001325,0,0.00265000000005586,272085.75942801,258489.698540901,0.00178836767153033,0.5,0.00178836767153033,100000000,0.25,100000,0.577350269189626,1
0.54,-450034.219202184,-189200.770661282,-189200.770661282,-0.0027,0.00135,0.00135,0,0.00270000000005482,276145.253508249,260833.448540901,0.00183055517153033,0.5,0.00183055517153033,100000000,0.25,100000,0.577350269189626,1
0.55,-455656.213282423,-192479.014741522,-192479.014741522,-0.00275,0.001375,0.001375,0,0.00275000000005383,280204.747588489,263177.198540901,0.00187274267153033,0.5,0.00187274267153033,100000000,0.25,100000,0.577350269189626,1
0.56,-461278.207362663,-195757.258821761,-195757.258821761,-0.0028,0.0014,0.0014,0,0.00280000000005287,284264.241668729,265520.948540901,0.00191493017153033,0.5,0.00191493017153033,100000000,0.25,100000,0.577350269189626,1
0.57,-466900.201442902,-199035.502902001,-199035.502902001,-0.00285,0.001425,0.001425,0,0.00285000000005194,288323.735748968,267864.698540901,0.00195711767153033,0.5,0.00195711767153033,100000000,0.25,100000,0.577350269189626,1
0.58,-472522.195523142,-202313.746982241,-202313.74698224,-0.0029,0.00145,0.00145,0,0.00290000000005104,292383.229829208,270208.448540901,0.00199930517153033,0.5,0.00199930517153033,100000000,0.25,100000,0.577350269189626,1
0.59,-478144.189603381,-205591.99106248,-205591.99106248,-0.00295,0.001475,0.001475,0,0.00295000000005018,296442.723909447,272552.198540901,0.00204149267153033,0.5,0.00204149267153033,100000000,0.25,100000,0.577350269189626,1
0.6,-483766.183683621,-208870.23514272,-208870.23514272,-0.003,0.0015,0.0015,0,0.00300000000004934,300502.217989687,274895.948540901,0.00208368017153033,0.5,0.00208368017153033,100000000,0.25,100000,0.577350269189626,1
0.61,-489388.177763861,-212148.479222959,-212148.479222959,-0.00305,0.001525,0.001525,0,0.00305000000004853,304561.712069926,277239.698540901,0.00212586767153033,0.5,0.00212586767153033,100000000,0.25,100000,0.577350269189626,1
0.62,-495010.1718441,-215426.723303199,-215426.723303199,-0.0031,0.00155,0.00155,0,0.00310000000004775,308621.206150166,279583.448540901,0.00216805517153033,0.5,0.00216805517153033,100000000,0.25,100000,0.577350269189626,1
0.63,-500632.16592434,-218704.967383438,-218704.967383438,-0.00315,0.001575,0.001575,0,0.00315000000004699,312680.700230405,281927.198540901,0.00221024267153033,0.5,0.00221024267153033,100000000,0.25,100000,0.577350269189626,1
0.64,-506254.160004579,-221983.211463678,-221983.211463678,-0.0032,0.0016,0.0016,0,0.00320000000004626,316740.194310645,284270.948540901,0.00225243017153033,0.5,0.00225243017153033,100000000,0.25,100000,0.577350269189626,1
0.65,-511876.154084819,-225261.455543917,-225261.455543917,-0.00325,0.001625,0.001625,0,0.00325000000004555,320799.688390885,286614.698540901,0.00229461767153033,0.5,0.00229461767153033,100000000,0.25,100000,0.577350269189626,1
0.66,-517498.148165058,-228539.699624157,-228539.699624157,-0.0033,0.00165,0.00165,0,0.00330000000004486,324859.182471124,288958.448540901,0.00233680517153033,0.5,0.00233680517153033,100000000,0.25,100000,0.577350269189626,1
0.67,-523120.142245298,-231817.943704397,-231817.943704397,-0.00335,0.001675,0.001675,0,0.00335000000004419,328918.676551364,291302.198540901,0.00237899267153033,0.5,0.00237899267153033,100000000,0.25,100000,0.577350269189626,1
0.68,-528742.136325537,-235096.187784636,-235096.187784636,-0.0034,0.0017,0.0017,0,0.00340000000004354,332978.170631603,293645.948540901,0.00242118017153033,0.5,0.00242118017153033,100000000,0.25,100000,0.577350269189626,1
0.69,-534364.130405777,-238374.431864876,-238374.431864876,-0.00345,0.001725,0.001725,0,0.00345000000004291,337037.664711843,295989.698540901,0.00246336767153033,0.5,0.00246336767153033,100000000,0.25,100000,0.577350269189626,1
0.7,-539986.124486017,-241652.675945115,-241652.675945115,-0.0035,0.00175,0.00175,0,0.00350000000004229,341097.158792082,298333.448540901,0.00250555517153033,0.5,0.00250555517153033,100000000,0.25,100000,0.577350269189626,1
0.71,-545608.118566256,-244930.920025355,-244930.920025355,-0.00355,0.001775,0.001775,0,0.0035500000000417,345156.652872322,300677.198540901,0.00254774267153033,0.5,0.00254774267153033,100000000,0.25,100000,0.577350269189626,1
0.72,-551230.112646496,-248209.164105594,-248209.164105594,-0.0036,0.0018,0.0018,0,0.00360000000004112,349216.146952561,303020.948540901,0.00258993017153033,0.5,0.00258993017153033,100000000,0.25,100000,0.577350269189626,1
0.73,-556852.106726735,-251487.408185834,-251487.408185834,-0.00365,0.001825,0.001825,0,0.00365000000004055,353275.641032801,305364.698540901,0.00263211767153033,0.5,0.00263211767153033,100000000,0.25,100000,0.577350269189626,1
0.74,-562474.100806975,-254765.652266073,-254765.652266073,-0.0037,0.00185,0.00185,0,0.00370000000004001,357335.135113041,307708.448540901,0.00267430517153033,0.5,0.00267430517153033,100000000,0.25,100000,0.577350269189626,1
0.75,-568096.094887214,-258043.896346313,-258043.896346313,-0.00375,0.001875,0.001875,0,0.00375000000003947,361394.62919328,310052.198540901,0.00271649267153033,0.5,0.00271649267153033,100000000,0.25,100000,0.577350269189626,1
0.76,-573718.088967454,-261322.140426553,-261322.140426553,-0.0038,0.0019,0.0019,0,0.00380000000003895,365454.12327352,312395.948540901,0.00275868017153033,0.5,0.00275868017153033,100000000,0.25,100000,0.577350269189626,1
0.77,-579340.083047693,-264600.384506792,-264600.384506792,-0.00385,0.001925,0.001925,0,0.00385000000003845,369513.617353759,314739.698540901,0.00280086767153033,0.5,0.00280086767153033,100000000,0.25,100000,0.577350269189626,1
0.78,-584962.077127933,-267878.628587032,-267878.628587032,-0.0039,0.00195,0.00195,0,0.00390000000003795,373573.111433999,317083.448540901,0.00284305517153033,0.5,0.00284305517153033,100000000,0.25,100000,0.577350269189626,1
0.79,-590584.071208173,-271156.872667271,-271156.872667271,-0.00395,0.001975,0.001975,0,0.00395000000003747,377632.605514238,319427.198540901,0.00288524267153033,0.5,0.00288524267153033,100000000,0.25,100000,0.577350269189626,1
0.8,-596206.065288412,-274435.116747511,-274435.116747511,-0.004,0.002,0.002,0,0.00400000000003701,381692.099594478,321770.948540901,0.00292743017153033,0.5,0.00292743017153033,100000000,0.25,100000,0.577350269189626,1
0.81,-601828.059368652,-277713.36082775,-277713.36082775,-0.00405,0.002025,0.002025,0,0.00405000000003655,385751.593674717,324114.698540901,0.00296961767153033,0.5,0.00296961767153033,100000000,0.25,100000,0.577350269189626,1
0.82,-607450.053448891,-280991.60490799,-280991.60490799,-0.0041,0.00205,0.00205,0,0.0041000000000361,389811.087754957,326458.448540901,0.00301180517153033,0.5,0.00301180517153033,100000000,0.25,100000,0.577350269189626,1
0.83,-613072.047529131,-284269.848988229,-284269.848988229,-0.00415,0.002075,0.002075,0,0.00415000000003567,393870.581835197,328802.198540901,0.00305399267153033,0.5,0.00305399267153033,100000000,0.25,100000,0.577350269189626,1
0.84,-618694.04160937,-287548.093068469,-287548.093068469,-0.0042,0.0021,0.0021,0,0.00420000000003524,397930.075915436,331145.948540901,0.00309618017153033,0.5,0.00309618017153033,100000000,0.25,100000,0.577350269189626,1
0.85,-624316.03568961,-290826.337148709,-290826.337148709,-0.00425,0.002125,0.002125,0,0.00425000000003483,401989.569995676,333489.698540901,0.00313836767153033,0.5,0.00313836767153033,100000000,0.25,100000,0.577350269189626,1
0.86,-629938.029769849,-294104.581228948,-294104.581228948,-0.0043,0.00215,0.00215,0,0.00430000000003442,406049.064075915,335833.448540901,0.00318055517153033,0.5,0.00318055517153033,100000000,0.25,100000,0.577350269189626,1
0.87,-635560.023850089,-297382.825309188,-297382.825309188,-0.00435,0.002175,0.002175,0,0.00435000000003403,410108.558156155,338177.198540901,0.00322274267153033,0.5,0.00322274267153033,100000000,0.25,100000,0.577350269189626,1
0.88,-641182.017930328,-300661.069389427,-300661.069389427,-0.0044,0.0022,0.0022,0,0.00440000000003364,414168.052236394,340520.948540901,0.00326493017153033,0.5,0.00326493017153033,100000000,0.25,100000,0.577350269189626,1
0.89,-646804.012010568,-303939.313469667,-303939.313469667,-0.00445,0.002225,0.002225,0,0.00445000000003326,418227.546316634,342864.698540901,0.00330711767153033,0.5,0.00330711767153033,100000000,0.25,100000,0.577350269189626,1
0.9,-652426.006090808,-307217.557549906,-307217.557549906,-0.0045,0.00225,0.00225,0,0.00450000000003289,422287.040396873,345208.448540901,0.00334930517153033,0.5,0.00334930517153033,100000000,0.25,100000,0.577350269189626,1
0.91,-658048.000171047,-310495.801630146,-310495.801630146,-0.00455,0.002275,0.002275,0,0.00455000000003253,426346.534477113,347552.198540901,0.00339149267153033,0.5,0.00339149267153033,100000000,0.25,100000,0.577350269189626,1
0.92,-663669.994251287,-313774.045710385,-313774.045710385,-0.0046,0.0023,0.0023,0,0.00460000000003218,430406.028557353,349895.948540901,0.00343368017153033,0.5,0.00343368017153033,100000000,0.25,100000,0.577350269189626,1
0.93,-669291.988331526,-317052.289790625,-317052.289790625,-0.00465,0.002325,0.002325,0,0.00465000000003183,434465.522637592,352239.698540901,0.00347586767153033,0.5,0.00347586767153033,100000000,0.25,100000,0.577350269189626,1
0.94,-674913.982411766,-320330.533870864,-320330.533870864,-0.0047,0.00235,0.00235,0,0.00470000000003149,438525.016717832,354583.448540901,0.00351805517153033,0.5,0.00351805517153033,100000000,0.25,100000,0.577350269189626,1
0.95,-680535.976492005,-323608.777951104,-323608.777951104,-0.00475,0.002375,0.002375,0,0.00475000000003116,442584.510798071,356927.198540901,0.00356024267153033,0.5,0.00356024267153033,100000000,0.25,100000,0.577350269189626,1
0.96,-686157.970572245,-326887.022031344,-326887.022031344,-0.0048,0.0024,0.0024,0,0.00480000000003084,446644.004878311,359270.948540901,0.00360243017153033,0.5,0.00360243017153033,100000000,0.25,100000,0.577350269189626,1
0.97,-691779.964652485,-330165.266111583,-330165.266111583,-0.00485,0.002425,0.002425,0,0.00485000000003052,450703.49895855,361614.698540901,0.00364461767153033,0.5,0.00364461767153033,100000000,0.25,100000,0.577350269189626,1
0.98,-697401.958732724,-333443.510191823,-333443.510191823,-0.0049,0.00245,0.00245,0,0.00490000000003021,454762.99303879,363958.448540901,0.00368680517153033,0.5,0.00368680517153033,100000000,0.25,100000,0.577350269189626,1
0.99,-703023.952812964,-336721.754272062,-336721.754272062,-0.00495,0.002475,0.002475,0,0.0049500000000299,458822.487119029,366302.198540901,0.00372899267153033,0.5,0.00372899267153033,100000000,0.25,100000,0.577350269189626,1
1,-708645.946893203,-339999.998352302,-339999.998352302,-0.005,0.0025,0.0025,0,0.0050000000000296,462881.981199269,368645.948540901,0.00377118017153033,0.5,0.00377118017153033,100000000,0.25,100000,0.577350269189626,1
1,-708645.946893203,-339999.998352302,-339999.998352302,-0.005,0.0025,0.0025,0,0.0050000000000296,462881.981199269,368645.948540901,0.00377118017153033,0.5,0.00377118017153033,100000000,0.25,100000,0.577350269189626,1
1.02,-688645.946893203,-349999.998352302,-349999.998352302,-0.0049,0.00245,0.00245,0,0.00490000000003021,462881.981199269,338645.948540901,0.00377118017153033,0.5,0.00377118017153033,100000000,0.25,100000,0.577350269189626,1
1.04,-668645.946893203,-359999.998352302,-359999.998352302,-0.0048,0.0024,0.0024,0,0.00480000000003084,462881.981199269,308645.948540901,0.00377118017153033,0.5,0.00377118017153033,100000000,0.25,100000,0.577350269189626,1
1.06,-648645.946893203,-369999.998352302,-369999.998352302,-0.0047,0.00235,0.00235,0,0.00470000000003149,462881.981199269,278645.948540901,0.00377118017153033,0.5,0.00377118017153033,100000000,0.25,100000,0.577350269189626,1
1.08,-628645.946893203,-379999.998352302,-379999.998352302,-0.0046,0.0023,0.0023,0,0.00460000000003218,462881.981199269,248645.948540901,0.00377118017153033,0.5,0.00377118017153033,100000000,0.25,100000,0.577350269189626,1
1.1,-608645.946893203,-389999.998352302,-389999.998352302,-0.0045,0.00225,0.00225,0,0.00450000000003289,462881.981199269,218645.948540901,0.00377118017153033,0.5,0.00377118017153033,100000000,0.25,100000,0.577350269189626,1
1.12,-588645.946893203,-399999.998352302,-399999.998352302,-0.0044,0.0022,0.0022,0,0.00440000000003364,462881.981199269,188645.948540901,0.00377118017153033,0.5,0.00377118017153033,100000000,0.25,100000,0.577350269189626,1
1.14,-568645.946893203,-409999.998352302,-409999.998352302,-0.0043,0.00215,0.00215,0,0.00430000000003442,462881.981199269,158645.948540901,0.00377118017153033,0.5,0.00377118017153033,100000000,0.25,100000,0.577350269189626,1
1.16,-548645.946893204,-419999.998352302,-419999.998352302,-0.0042,0.0021,0.0021,0,0.00420000000003524,462881.981199269,128645.948540902,0.00377118017153033,0.5,0.00377118017153033,100000000,0.25,100000,0.577350269189626,1
1.18,-528645.946893203,-429999.998352302,-429999.998352302,-0.0041,0.00205,0.00205,0,0.0041000000000361,462881.981199269,98645.9485409016,0.00377118017153033,0.5,0.00377118017153033,100000000,0.25,100000,0.577350269189626,1
1.2,-508645.946893203,-439999.998352302,-439999.998352302,-0.004,0.002,0.002,0,0.00400000000003701,462881.981199269,68645.9485409017,0.00377118017153033,0.5,0.00377118017153033,100000000,0.25,100000,0.577350269189626,1
1.22,-488645.946893204,-449999.998352302,-449999.998352302,-0.0039,0.00195,0.00195,0,0.00390000000003795,462881.981199269,38645.9485409018,0.00377118017153033,0.5,0.00377118017153033,100000000,0.25,100000,0.577350269189626,1
1.24,-468645.946893203,-459999.998352302,-459999.998352302,-0.0038,0.0019,0.0019,0,0.00380000000003895,462881.981199269,8645.94854090142,0.00377118017153033,0.5,0.00377118017153033,100000000,0.25,100000,0.577350269189626,1
1.26,-448645.946893203,-469999.998352302,-469999.998352302,-0.0037,0.00185,0.00185,0,0.00370000000004001,462881.981199269,21354.0514590985,0.00377118017153033,0.5,0.00377118017153033,100000000,0.25,100000,0.577350269189626,1
1.28,-428645.946893203,-479999.998352302,-479999.998352302,-0.0036,0.0018,0.0018,0,0.00360000000004112,462881.981199269,51354.0514590985,0.00377118017153033,0.5,0.00377118017153033,100000000,0.25,100000,0.577350269189626,1
1.3,-408645.946893203,-489999.998352302,-489999.998352302,-0.0035,0.00175,0.00175,0,0.00350000000004229,462881.981199269,81354.0514590986,0.00377118017153033,0.5,0.00377118017153033,100000000,0.25,100000,0.577350269189626,1
1.32,-388645.946893203,-499999.998352302,-499999.998352302,-0.0034,0.0017,0.0017,0,0.00340000000004354,462881.981199269,111354.051459099,0.00377118017153033,0.5,0.00377118017153033,100000000,0.25,100000,0.577350269189626,1
1.34,-368645.946893203,-509999.998352302,-509999.998352302,-0.0033,0.00165,0.00165,0,0.00330000000004486,462881.981199269,141354.051459099,0.00377118017153033,0.5,0.00377118017153033,100000000,0.25,100000,0.577350269189626,1
1.36,-348645.946893204,-519999.998352302,-519999.998352302,-0.0032,0.0016,0.0016,0,0.00320000000004626,462881.981199269,171354.051459098,0.00377118017153033,0.5,0.00377118017153033,100000000,0.25,100000,0.577350269189626,1
1.38,-328645.946893203,-529999.998352302,-529999.998352302,-0.0031,0.00155,0.00155,0,0.00310000000004775,462881.981199269,201354.051459098,0.00377118017153033,0.5,0.00377118017153033,100000000,0.25,100000,0.577350269189626,1
1.4,-308645.946893204,-539999.998352302,-539999.998352302,-0.003,0.0015,0.0015,0,0.00300000000004934,462881.981199269,231354.051459098,0.00377118017153033,0.5,0.00377118017153033,100000000,0.25,100000,0.577350269189626,1
1.42,-288645.946893204,-549999.998352302,-549999.998352302,-0.0029,0.00145,0.00145,0,0.00290000000005104,462881.981199269,261354.051459098,0.00377118017153033,0.5,0.00377118017153033,100000000,0.25,100000,0.577350269189626,1
1.44,-268645.946893203,-559999.998352302,-559999.998352302,-0.0028,0.0014,0.0014,0,0.00280000000005287,462881.981199269,291354.051459098,0.00377118017153033,0.5,0.00377118017153033,100000000,0.25,100000,0.577350269189626,1
1.46,-248645.946893203,-569999.998352302,-569999.998352302,-0.0027,0.00135,0.00135,0,0.00270000000005482,462881.981199269,321354.051459098,0.00377118017153033,0.5,0.00377118017153033,100000000,0.25,100000,0.577350269189626,1
1.48,-226030.47789076,-580033.328681092,-580033.328681092,-0.0026,0.0013,0.0013,0,0.00260000000005693,462032.378417648,354002.850790332,0.00376235084042622,0.5,0.00376235084042622,100000000,0.25,100000,0.577350269189626,1
1.5,-215161.662001714,-589916.965088796,-589916.965088796,-0.0025,0.00125,0.00125,0,0.00250000000005921,464998.530726435,374755.303087082,0.00379317599943705,0.5,0.00379317599943705,100000000,0.25,100000,0.577350269189626,1
1.52,-220119.106510941,-599598.918944685,-599598.918944685,-0.0024,0.0012,0.0012,0,0.00240000000006168,473105.648133437,379479.812433745,0.00387742763494817,0.5,0.00387742763494817,100000000,0.25,100000,0.577350269189626,1
1.54,-225356.518950271,-609277.305018601,-609277.305018601,-0.0023,0.00115,0.00115,0,0.00230000000006436,481303.709662491,383920.78606833,0.00396262438949956,0.5,0.00396262438949956,100000000,0.25,100000,0.577350269189626,1
1.56,-230350.50711075,-618958.79317908,-618958.79317908,-0.0022,0.0011,0.0011,0,0.00220000000006728,489422.69782297,388608.28606833,0.00404699938949956,0.5,0.00404699938949956,100000000,0.25,100000,0.577350269189626,1
1.58,-235344.495271229,-628640.281339559,-628640.281339559,-0.0021,0.00105,0.00105,0,0.00210000000007049,497541.685983449,393295.78606833,0.00413137438949956,0.5,0.00413137438949956,100000000,0.25,100000,0.577350269189626,1
1.6,-240338.483431708,-638321.769500038,-638321.769500038,-0.002,0.000999999999999999,0.000999999999999999,0,0.00200000000007401,505660.674143928,397983.28606833,0.00421574938949956,0.5,0.00421574938949956,100000000,0.25,100000,0.577350269189626,1
1.62,-245332.471592187,-648003.257660517,-648003.257660517,-0.0019,0.000949999999999999,0.000949999999999999,0,0.00190000000007791,513779.662304407,402670.78606833,0.00430012438949956,0.5,0.00430012438949956,100000000,0.25,100000,0.577350269189626,1
1.64,-250326.459752666,-657684.745820997,-657684.745820997,-0.0018,0.000899999999999999,0.000899999999999999,0,0.00180000000008224,521898.650464887,407358.28606833,0.00438449938949956,0.5,0.00438449938949956,100000000,0.25,100000,0.577350269189626,1
1.66,-255320.447913146,-667366.233981476,-667366.233981476,-0.0017,0.000849999999999999,0.000849999999999999,0,0.00170000000008707,530017.638625366,412045.78606833,0.00446887438949956,0.5,0.00446887438949956,100000000,0.25,100000,0.577350269189626,1
1.68,-260314.436073625,-677047.722141955,-677047.722141955,-0.0016,0.000799999999999999,0.000799999999999999,0,0.00160000000009252,538136.626785845,416733.28606833,0.00455324938949956,0.5,0.00455324938949956,100000000,0.25,100000,0.577350269189626,1
1.7,-265308.424234104,-686729.210302434,-686729.210302434,-0.0015,0.000749999999999999,0.000749999999999999,0,0.00150000000009868,546255.614946324,421420.78606833,0.00463762438949956,0.5,0.00463762438949956,100000000,0.25,100000,0.577350269189626,1
1.72,-270302.412394583,-696410.698462913,-696410.698462913,-0.0014,0.000699999999999999,0.000699999999999999,0,0.00140000000010573,554374.603106803,426108.28606833,0.00472199938949956,0.5,0.00472199938949956,100000000,0.25,100000,0.577350269189626,1
1.74,-275296.400555062,-706092.186623392,-706092.186623392,-0.0013,0.000649999999999999,0.000649999999999999,0,0.00130000000011387,562493.591267282,430795.78606833,0.00480637438949956,0.5,0.00480637438949956,100000000,0.25,100000,0.577350269189626,1
1.76,-280290.388715541,-715773.674783871,-715773.674783871,-0.0012,0.000599999999999999,0.000599999999999999,0,0.00120000000012336,570612.579427761,435483.28606833,0.00489074938949956,0.5,0.00489074938949956,100000000,0.25,100000,0.577350269189626,1
1.78,-285284.37687602,-725455.162944351,-725455.16294435,-0.0011,0.000549999999999999,0.000549999999999999,0,0.00110000000013457,578731.56758824,440170.78606833,0.00497512438949956,0.5,0.00497512438949956,100000000,0.25,100000,0.577350269189626,1
1.8,-290278.365036499,-735136.65110483,-735136.65110483,-0.000999999999999998,0.000499999999999999,0.000499999999999999,0,0.00100000000014803,586850.55574872,444858.28606833,0.00505949938949956,0.5,0.00505949938949956,100000000,0.25,100000,0.577350269189626,1
1.82,-295272.353196978,-744818.139265309,-744818.139265309,-0.000899999999999999,0.00045,0.00045,0,0.000900000000164477,594969.543909198,449545.78606833,0.00514387438949955,0.5,0.00514387438949955,100000000,0.25,100000,0.577350269189626,1
1.84,-300266.341357458,-754499.627425788,-754499.627425788,-0.000799999999999999,0.0004,0.0004,0,0.000800000000185036,603088.532069678,454233.28606833,0.00522824938949955,0.5,0.00522824938949955,100000000,0.25,100000,0.577350269189626,1
1.86,-305260.329517937,-764181.115586267,-764181.115586267,-0.000699999999999999,0.00035,0.00035,0,0.00070000000021147,611207.520230157,458920.78606833,0.00531262438949956,0.5,0.00531262438949956,100000000,0.25,100000,0.577350269189626,1
1.88,-310254.317678416,-773862.603746746,-773862.603746746,-0.000599999999999999,0.000299999999999999,0.000299999999999999,0,0.000600000000246715,619326.508390636,463608.28606833,0.00539699938949956,0.5,0.00539699938949956,100000000,0.25,100000,0.577350269189626,1
1.9,-315248.305838895,-783544.091907225,-783544.091907225,-0.000499999999999999,0.000249999999999999,0.000249999999999999,0,0.000500000000296058,627445.496551115,468295.78606833,0.00548137438949955,0.5,0.00548137438949955,100000000,0.25,100000,0.577350269189626,1
1.92,-320242.293999374,-793225.580067704,-793225.580067704,-0.000399999999999999,0.0002,0.0002,0,0.000400000000370074,635564.484711594,472983.28606833,0.00556574938949955,0.5,0.00556574938949955,100000000,0.25,100000,0.577350269189626,1
1.94,-325236.282159853,-802907.068228183,-802907.068228183,-0.000299999999999999,0.00015,0.00015,0,0.000300000000493432,643683.472872073,477670.78606833,0.00565012438949955,0.5,0.00565012438949955,100000000,0.25,100000,0.577350269189626,1
1.96,-330230.270320332,-812588.556388663,-812588.556388663,-0.000199999999999999,9.99999999999994e-05,9.99999999999994e-05,0,0.000200000000740148,651802.461032553,482358.28606833,0.00573449938949955,0.5,0.00573449938949955,100000000,0.25,100000,0.577350269189626,1
1.98,-335224.258480811,-822270.044549142,-822270.044549142,-9.99999999999995e-05,4.99999999999998e-05,4.99999999999998e-05,0,0.000100000001480297,659921.449193032,487045.78606833,0.00581887438949955,0.5,0.00581887438949955,100000000,0.25,100000,0.577350269189626,1
2,-340218.24664129,-831951.532709621,-831951.532709621,1.37558150634098e-18,-6.87790753170492e-19,-6.87790753170492e-19,0,1.72063788530119e-08,668040.437353511,491733.286068331,0.00590324938949956,0.5,0.00590324938949956,100000000,0.25,100000,0.577350269189626,1
2.02,-345212.234801769,-841633.0208701,-841633.0208701,0.000100000000000001,-5.00000000000007e-05,-5.00000000000007e-05,0,0.000100000001480299,676159.42551399,496420.786068331,0.00598762438949955,0.5,0.00598762438949955,100000000,0.25,100000,0.577350269189626,1
2.04,-350206.222962249,-851314.509030579,-851314.509030579,0.000200000000000002,-0.000100000000000001,-0.000100000000000001,0,0.00020000000074015,684278.413674469,501108.286068331,0.00607199938949955,0.5,0.00607199938949955,100000000,0.25,100000,0.577350269189626,1
2.06,-355200.211122728,-860995.997191058,-860995.997191058,0.000300000000000001,-0.000150000000000001,-0.000150000000000001,0,0.000300000000493434,692397.401834948,505795.786068331,0.00615637438949956,0.5,0.00615637438949956,100000000,0.25,100000,0.577350269189626,1
2.08,-360194.199283207,-870677.485351537,-870677.485351537,0.000400000000000002,-0.000200000000000001,-0.000200000000000001,0,0.000400000000370076,700516.389995427,510483.286068331,0.00624074938949956,0.5,0.00624074938949956,100000000,0.25,100000,0.577350269189626,1
2.1,-365188.187443686,-880358.973512017,-880358.973512017,0.000500000000000002,-0.000250000000000001,-0.000250000000000001,0,0.000500000000296061,708635.378155906,515170.786068331,0.00632512438949956,0.5,0.00632512438949956,100000000,0.25,100000,0.577350269189626,1
2.12,-370182.175604165,-890040.461672496,-890040.461672496,0.000600000000000002,-0.000300000000000001,-0.000300000000000001,0,0.000600000000246718,716754.366316385,519858.286068331,0.00640949938949956,0.5,0.00640949938949956,100000000,0.25,100000,0.577350269189626,1
2.14,-375176.163764644,-899721.949832974,-899721.949832974,0.000699999999999999,-0.00035,-0.00035,0,0.00070000000021147,724873.354476864,524545.78606833,0.00649387438949955,0.5,0.00649387438949955,100000000,0.25,100000,0.577350269189626,1
2.16,-380170.151925123,-909403.437993454,-909403.437993454,0.000800000000000001,-0.000400000000000001,-0.000400000000000001,0,0.000800000000185039,732992.342637344,529233.286068331,0.00657824938949955,0.5,0.00657824938949955,100000000,0.25,100000,0.577350269189626,1
2.18,-385164.140085602,-919084.926153933,-919084.926153933,0.0009,-0.00045,-0.00045,0,0.000900000000164477,741111.330797823,533920.78606833,0.00666262438949955,0.5,0.00666262438949955,100000000,0.25,100000,0.577350269189626,1
2.2,-390158.128246082,-928766.414314412,-928766.414314412,0.001,-0.000500000000000001,-0.000500000000000001,0,0.00100000000014803,749230.318958302,538608.286068331,0.00674699938949956,0.5,0.00674699938949956,100000000,0.25,100000,0.577350269189626,1
2.22,-395152.116406561,-938447.902474891,-938447.902474891,0.0011,-0.00055,-0.00055,0,0.00110000000013457,757349.307118781,543295.786068331,0.00683137438949955,0.5,0.00683137438949955,100000000,0.25,100000,0.577350269189626,1
2.24,-400146.10456704,-948129.39063537,-948129.39063537,0.0012,-0.000600000000000001,-0.000600000000000001,0,0.00120000000012336,765468.29527926,547983.286068331,0.00691574938949956,0.5,0.00691574938949956,100000000,0.25,100000,0.577350269189626,1
2.26,-405140.092727519,-957810.878795849,-957810.878795849,0.0013,-0.00065,-0.00065,0,0.00130000000011387,773587.283439739,552670.786068331,0.00700012438949955,0.5,0.00700012438949955,100000000,0.25,100000,0.577350269189626,1
2.28,-410134.080887998,-967492.366956329,-967492.366956329,0.0014,-0.000700000000000001,-0.000700000000000001,0,0.00140000000010574,781706.271600218,557358.286068331,0.00708449938949956,0.5,0.00708449938949956,100000000,0.25,100000,0.577350269189626,1
2.3,-415128.069048477,-977173.855116807,-977173.855116807,0.0015,-0.00075,-0.00075,0,0.00150000000009869,789825.259760697,562045.78606833,0.00716887438949955,0.5,0.00716887438949955,100000000,0.25,100000,0.577350269189626,1
2.32,-420122.057208956,-986855.343277287,-986855.343277287,0.0016,-0.000800000000000001,-0.000800000000000001,0,0.00160000000009252,797944.247921177,566733.286068331,0.00725324938949956,0.5,0.00725324938949956,100000000,0.25,100000,0.577350269189626,1
2.34,-425116.045369435,-996536.831437766,-996536.831437766,0.0017,-0.00085,-0.00085,0,0.00170000000008708,806063.236081655,571420.78606833,0.00733762438949955,0.5,0.00733762438949955,100000000,0.25,100000,0.577350269189626,1
2.36,-430110.033529914,-1006218.31959824,-1006218.31959824,0.0018,-0.000900000000000001,-0.000900000000000001,0,0.00180000000008224,814182.224242135,576108.286068331,0.00742199938949956,0.5,0.00742199938949956,100000000,0.25,100000,0.577350269189626,1
2.38,-435104.021690394,-1015899.80775872,-1015899.80775872,0.0019,-0.00095,-0.00095,0,0.00190000000007791,822301.212402614,580795.78606833,0.00750637438949955,0.5,0.00750637438949955,100000000,0.25,100000,0.577350269189626,1
2.4,-440098.009850873,-1025581.2959192,-1025581.2959192,0.002,-0.001,-0.001,0,0.00200000000007402,830420.200563093,585483.286068331,0.00759074938949955,0.5,0.00759074938949955,100000000,0.25,100000,0.577350269189626,1
2.42,-445091.998011352,-1035262.78407968,-1035262.78407968,0.0021,-0.00105,-0.00105,0,0.00210000000007049,838539.188723572,590170.786068331,0.00767512438949955,0.5,0.00767512438949955,100000000,0.25,100000,0.577350269189626,1
2.44,-450085.986171831,-1044944.27224016,-1044944.27224016,0.0022,-0.0011,-0.0011,0,0.00220000000006729,846658.176884051,594858.286068331,0.00775949938949955,0.5,0.00775949938949955,100000000,0.25,100000,0.577350269189626,1
2.46,-455079.97433231,-1054625.76040064,-1054625.76040064,0.0023,-0.00115,-0.00115,0,0.00230000000006436,854777.16504453,599545.786068331,0.00784387438949955,0.5,0.00784387438949955,100000000,0.25,100000,0.577350269189626,1
2.48,-460073.962492789,-1064307.24856112,-1064307.24856112,0.0024,-0.0012,-0.0012,0,0.00240000000006168,862896.15320501,604233.286068331,0.00792824938949955,0.5,0.00792824938949955,100000000,0.25,100000,0.577350269189626,1
2.5,-465067.950653268,-1073988.7367216,-1073988.7367216,0.0025,-0.00125,-0.00125,0,0.00250000000005921,871015.141365489,608920.786068331,0.00801262438949956,0.5,0.00801262438949956,100000000,0.25,100000,0.577350269189626,1
2.52,-470061.938813747,-1083670.22488208,-1083670.22488208,0.0026,-0.0013,-0.0013,0,0.00260000000005694,879134.129525968,613608.286068331,0.00809699938949955,0.5,0.00809699938949955,100000000,0.25,100000,0.577350269189626,1
2.54,-475055.926974226,-1093351.71304256,-1093351.71304256,0.0027,-0.00135,-0.00135,0,0.00270000000005483,887253.117686447,618295.786068331,0.00818137438949955,0.5,0.00818137438949955,100000000,0.25,100000,0.577350269189626,1
2.56,-480049.915134706,-1103033.20120304,-1103033.20120304,0.0028,-0.0014,-0.0014,0,0.00280000000005287,895372.105846926,622983.286068331,0.00826574938949956,0.5,0.00826574938949956,100000000,0.25,100000,0.577350269189626,1
2.58,-485043.903295185,-1112714.68936352,-1112714.68936352,0.0029,-0.00145,-0.00145,0,0.00290000000005105,903491.094007405,627670.786068331,0.00835012438949955,0.5,0.00835012438949955,100000000,0.25,100000,0.577350269189626,1
2.6,-490037.891455664,-1122396.17752399,-1122396.17752399,0.003,-0.0015,-0.0015,0,0.00300000000004934,911610.082167884,632358.286068331,0.00843449938949956,0.5,0.00843449938949956,100000000,0.25,100000,0.577350269189626,1
2.62,-495031.879616143,-1132077.66568447,-1132077.66568447,0.0031,-0.00155,-0.00155,0,0.00310000000004775,919729.070328363,637045.786068331,0.00851887438949956,0.5,0.00851887438949956,100000000,0.25,100000,0.577350269189626,1
2.64,-500025.867776622,-1141759.15384495,-1141759.15384495,0.0032,-0.0016,-0.0016,0,0.00320000000004626,927848.058488842,641733.28606833,0.00860324938949955,0.5,0.00860324938949955,100000000,0.25,100000,0.577350269189626,1
2.66,-505019.855937101,-1151440.64200543,-1151440.64200543,0.0033,-0.00165,-0.00165,0,0.00330000000004486,935967.046649322,646420.786068331,0.00868762438949956,0.5,0.00868762438949956,100000000,0.25,100000,0.577350269189626,1
2.68,-510013.84409758,-1161122.13016591,-1161122.13016591,0.0034,-0.0017,-0.0017,0,0.00340000000004354,944086.0348098,651108.28606833,0.00877199938949955,0.5,0.00877199938949955,100000000,0.25,100000,0.577350269189626,1
2.7,-515007.832258059,-1170803.61832639,-1170803.61832639,0.0035,-0.00175,-0.00175,0,0.0035000000000423,952205.02297028,655795.786068331,0.00885637438949956,0.5,0.00885637438949956,100000000,0.25,100000,0.577350269189626,1
2.72,-520001.820418538,-1180485.10648687,-1180485.10648687,0.0036,-0.0018,-0.0018,0,0.00360000000004112,960324.011130759,660483.28606833,0.00894074938949955,0.5,0.00894074938949955,100000000,0.25,100000,0.577350269189626,1
2.74,-524995.808579018,-1190166.59464735,-1190166.59464735,0.0037,-0.00185,-0.00185,0,0.00370000000004001,968442.999291238,665170.786068331,0.00902512438949955,0.5,0.00902512438949955,100000000,0.25,100000,0.577350269189626,1
2.76,-529989.796739497,-1199848.08280783,-1199848.08280783,0.0038,-0.0019,-0.0019,0,0.00380000000003895,976561.987451717,669858.28606833,0.00910949938949955,0.5,0.00910949938949955,100000000,0.25,100000,0.577350269189626,1
2.78,-534983.784899976,-1209529.57096831,-1209529.57096831,0.0039,-0.00195,-0.00195,0,0.00390000000003796,984680.975612196,674545.786068331,0.00919387438949956,0.5,0.00919387438949956,100000000,0.25,100000,0.577350269189626,1
2.8,-539977.773060455,-1219211.05912879,-1219211.05912879,0.004,-0.002,-0.002,0,0.00400000000003701,992799.963772675,679233.28606833,0.00927824938949955,0.5,0.00927824938949955,100000000,0.25,100000,0.577350269189626,1
2.82,-544971.761220934,-1228892.54728926,-1228892.54728926,0.0041,-0.00205,-0.00205,0,0.00410000000003611,1000918.95193315,683920.786068331,0.00936262438949956,0.5,0.00936262438949956,100000000,0.25,100000,0.577350269189626,1
2.84,-549965.749381413,-1238574.03544974,-1238574.03544974,0.0042,-0.0021,-0.0021,0,0.00420000000003524,1009037.94009363,688608.28606833,0.00944699938949955,0.5,0.00944699938949955,100000000,0.25,100000,0.577350269189626,1
2.86,-554959.737541892,-1248255.52361022,-1248255.52361022,0.0043,-0.00215,-0.00215,0,0.00430000000003443,1017156.92825411,693295.786068331,0.00953137438949956,0.5,0.00953137438949956,100000000,0.25,100000,0.577350269189626,1
2.88,-559953.725702371,-1257937.0117707,-1257937.0117707,0.0044,-0.0022,-0.0022,0,0.00440000000003364,1025275.91641459,697983.28606833,0.00961574938949955,0.5,0.00961574938949955,100000000,0.25,100000,0.577350269189626,1
2.9,-564947.71386285,-1267618.49993118,-1267618.49993118,0.0045,-0.00225,-0.00225,0,0.0045000000000329,1033394.90457507,702670.78606833,0.00970012438949955,0.5,0.00970012438949955,100000000,0.25,100000,0.577350269189626,1
2.92,-569941.70202333,-1277299.98809166,-1277299.98809166,0.0046,-0.0023,-0.0023,0,0.00460000000003218,1041513.89273555,707358.28606833,0.00978449938949955,0.5,0.00978449938949955,100000000,0.25,100000,0.577350269189626,1
2.94,-574935.690183809,-1286981.47625214,-1286981.47625214,0.0047,-0.00235,-0.00235,0,0.00470000000003149,1049632.88089603,712045.78606833,0.00986887438949955,0.5,0.00986887438949955,100000000,0.25,100000,0.577350269189626,1
2.96,-579929.678344288,-1296662.96441262,-1296662.96441262,0.0048,-0.0024,-0.0024,0,0.00480000000003084,1057751.86905651,716733.286068331,0.00995324938949955,0.5,0.00995324938949955,100000000,0.25,100000,0.577350269189626,1
2.98,-584923.666504767,-1306344.4525731,-1306344.4525731,0.0049,-0.00245,-0.00245,0,0.00490000000003021,1065870.85721699,721420.78606833,0.0100376243894996,0.5,0.0100376243894996,100000000,0.25,100000,0.577350269189626,1
3,-589917.654665246,-1316025.94073358,-1316025.94073358,0.005,-0.0025,-0.0025,0,0.00500000000002961,1073989.84537747,726108.28606833,0.0101219993894996,0.5,0.0101219993894996,100000000,0.25,100000,0.577350269189626,1
3,-589917.654665246,-1316025.94073358,-1316025.94073358,0.005,-0.0025,-0.0025,0,0.00500000000002961,1073989.84537747,726108.28606833,0.0101219993894996,0.5,0.0101219993894996,100000000,0.25,100000,0.577350269189626,1
3.02,-609917.654665246,-1306025.94073358,-1306025.94073358,0.0049,-0.00245,-0.00245,0,0.00490000000003021,1073989.84537747,696108.28606833,0.0101219993894996,0.5,0.0101219993894996,100000000,0.25,100000,0.577350269189626,1
3.04,-629917.654665246,-1296025.94073358,-1296025.94073358,0.0048,-0.0024,-0.0024,0,0.00480000000003084,1073989.84537747,666108.28606833,0.0101219993894996,0.5,0.0101219993894996,100000000,0.25,100000,0.577350269189626,1
3.06,-649917.654665246,-1286025.94073358,-1286025.94073358,0.0047,-0.00235,-0.00235,0,0.00470000000003149,1073989.84537747,636108.28606833,0.0101219993894996,0.5,0.0101219993894996,100000000,0.25,100000,0.577350269189626,1
3.08,-669917.654665246,-1276025.94073358,-1276025.94073358,0.0046,-0.0023,-0.0023,0,0.00460000000003218,1073989.84537747,606108.28606833,0.0101219993894996,0.5,0.0101219993894996,100000000,0.25,100000,0.577350269189626,1
3.1,-689917.654665246,-1266025.94073358,-1266025.94073358,0.0045,-0.00225,-0.00225,0,0.0045000000000329,1073989.84537747,576108.28606833,0.0101219993894996,0.5,0.0101219993894996,100000000,0.25,100000,0.577350269189626,1
3.12,-709917.654665246,-1256025.94073358,-1256025.94073358,0.0044,-0.0022,-0.0022,0,0.00440000000003364,1073989.84537747,546108.28606833,0.0101219993894996,0.5,0.0101219993894996,100000000,0.25,100000,0.577350269189626,1
3.14,-729917.654665246,-1246025.94073358,-1246025.94073358,0.0043,-0.00215,-0.00215,0,0.00430000000003442,1073989.84537747,516108.28606833,0.0101219993894996,0.5,0.0101219993894996,100000000,0.25,100000,0.577350269189626,1
3.16,-749917.654665246,-1236025.94073358,-1236025.94073358,0.0042,-0.0021,-0.0021,0,0.00420000000003524,1073989.84537747,486108.28606833,0.0101219993894996,0.5,0.0101219993894996,100000000,0.25,100000,0.577350269189626,1
3.18,-769917.654665246,-1226025.94073358,-1226025.94073358,0.0041,-0.00205,-0.00205,0,0.0041000000000361,1073989.84537747,456108.28606833,0.0101219993894996,0.5,0.0101219993894996,100000000,0.25,100000,0.577350269189626,1
3.2,-789917.654665246,-1216025.94073358,-1216025.94073358,0.004,-0.002,-0.002,0,0.00400000000003701,1073989.84537747,426108.28606833,0.0101219993894996,0.5,0.0101219993894996,100000000,0.25,100000,0.577350269189626,1
3.22,-809917.654665246,-1206025.94073358,-1206025.94073358,0.0039,-0.00195,-0.00195,0,0.00390000000003796,1073989.84537747,396108.28606833,0.0101219993894996,0.5,0.0101219993894996,100000000,0.25,100000,0.577350269189626,1
3.24,-829917.654665246,-1196025.94073358,-1196025.94073358,0.0038,-0.0019,-0.0019,0,0.00380000000003895,1073989.84537747,366108.28606833,0.0101219993894996,0.5,0.0101219993894996,100000000,0.25,100000,0.577350269189626,1
3.26,-849917.654665246,-1186025.94073358,-1186025.94073358,0.0037,-0.00185,-0.00185,0,0.00370000000004001,1073989.84537747,336108.286068331,0.0101219993894996,0.5,0.0101219993894996,100000000,0.25,100000,0.577350269189626,1
3.28,-869917.654665246,-1176025.94073358,-1176025.94073358,0.0036,-0.0018,-0.0018,0,0.00360000000004112,1073989.84537747,306108.28606833,0.0101219993894996,0.5,0.0101219993894996,100000000,0.25,100000,0.577350269189626,1
3.3,-889917.654665246,-1166025.94073358,-1166025.94073358,0.0035,-0.00175,-0.00175,0,0.00350000000004229,1073989.84537747,276108.286068331,0.0101219993894996,0.5,0.0101219993894996,100000000,0.25,100000,0.577350269189626,1
3.32,-909917.654665246,-1156025.94073358,-1156025.94073358,0.0034,-0.0017,-0.0017,0,0.00340000000004354,1073989.84537747,246108.286068331,0.0101219993894996,0.5,0.0101219993894996,100000000,0.25,100000,0.577350269189626,1
3.34,-929917.654665246,-1146025.94073358,-1146025.94073358,0.0033,-0.00165,-0.00165,0,0.00330000000004486,1073989.84537747,216108.28606833,0.0101219993894996,0.5,0.0101219993894996,100000000,0.25,100000,0.577350269189626,1
3.36,-949917.654665246,-1136025.94073358,-1136025.94073358,0.0032,-0.0016,-0.0016,0,0.00320000000004626,1073989.84537747,186108.286068331,0.0101219993894996,0.5,0.0101219993894996,100000000,0.25,100000,0.577350269189626,1
3.38,-969917.654665246,-1126025.94073358,-1126025.94073358,0.0031,-0.00155,-0.00155,0,0.00310000000004775,1073989.84537747,156108.286068331,0.0101219993894996,0.5,0.0101219993894996,100000000,0.25,100000,0.577350269189626,1
3.4,-989917.654665246,-1116025.94073358,-1116025.94073358,0.003,-0.0015,-0.0015,0,0.00300000000004934,1073989.84537747,126108.28606833,0.0101219993894996,0.5,0.0101219993894996,100000000,0.25,100000,0.577350269189626,1
3.42,-1009917.65466525,-1106025.94073358,-1106025.94073358,0.0029,-0.00145,-0.00145,0,0.00290000000005105,1073989.84537747,96108.2860683305,0.0101219993894996,0.5,0.0101219993894996,100000000,0.25,100000,0.577350269189626,1
3.44,-1029917.65466525,-1096025.94073358,-1096025.94073358,0.0028,-0.0014,-0.0014,0,0.00280000000005287,1073989.84537747,66108.2860683303,0.0101219993894996,0.5,0.0101219993894996,100000000,0.25,100000,0.577350269189626,1
3.46,-1049917.65466525,-1086025.94073358,-1086025.94073358,0.0027,-0.00135,-0.00135,0,0.00270000000005483,1073989.84537747,36108.2860683303,0.0101219993894996,0.5,0.0101219993894996,100000000,0.25,100000,0.577350269189626,1
3.48,-1069917.65466525,-1076025.94073358,-1076025.94073358,0.0026,-0.0013,-0.0013,0,0.00260000000005693,1073989.84537747,6108.28606833029,0.0101219993894996,0.5,0.0101219993894996,100000000,0.25,100000,0.577350269189626,1
3.5,-1089917.65466525,-1066025.94073358,-1066025.94073358,0.0025,-0.00125,-0.00125,0,0.00250000000005921,1073989.84537747,23891.7139316697,0.0101219993894996,0.5,0.0101219993894996,100000000,0.25,100000,0.577350269189626,1
3.52,-1109917.65466525,-1056025.94073358,-1056025.94073358,0.0024,-0.0012,-0.0012,0,0.00240000000006168,1073989.84537747,53891.7139316697,0.0101219993894996,0.5,0.0101219993894996,100000000,0.25,100000,0.577350269189626,1
3.54,-1129917.65466525,-1046025.94073358,-1046025.94073358,0.0023,-0.00115,-0.00115,0,0.00230000000006436,1073989.84537747,83891.7139316697,0.0101219993894996,0.5,0.0101219993894996,100000000,0.25,100000,0.577350269189626,1
3.56,-1149917.65466525,-1036025.94073358,-1036025.94073358,0.0022,-0.0011,-0.0011,0,0.00220000000006729,1073989.84537747,113891.71393167,0.0101219993894996,0.5,0.0101219993894996,100000000,0.25,100000,0.577350269189626,1
3.58,-1169917.65466525,-1026025.94073358,-1026025.94073358,0.0021,-0.00105,-0.00105,0,0.00210000000007049,1073989.84537747,143891.71393167,0.0101219993894996,0.5,0.0101219993894996,100000000,0.25,100000,0.577350269189626,1
3.6,-1189917.65466525,-1016025.94073358,-1016025.94073358,0.002,-0.001,-0.001,0,0.00200000000007401,1073989.84537747,173891.71393167,0.0101219993894996,0.5,0.0101219993894996,100000000,0.25,100000,0.577350269189626,1
3.62,-1209917.65466525,-1006025.94073358,-1006025.94073358,0.0019,-0.00095,-0.00095,0,0.00190000000007791,1073989.84537747,203891.71393167,0.0101219993894996,0.5,0.0101219993894996,100000000,0.25,100000,0.577350269189626,1
3.64,-1229917.65466525,-996025.940733576,-996025.940733576,0.0018,-0.0009,-0.0009,0,0.00180000000008224,1073989.84537747,233891.71393167,0.0101219993894996,0.5,0.0101219993894996,100000000,0.25,100000,0.577350269189626,1
3.66,-1249917.65466525,-986025.940733576,-986025.940733576,0.0017,-0.00085,-0.00085,0,0.00170000000008708,1073989.84537747,263891.71393167,0.0101219993894996,0.5,0.0101219993894996,100000000,0.25,100000,0.577350269189626,1
3.68,-1269917.65466525,-976025.940733576,-976025.940733576,0.0016,-0.0008,-0.0008,0,0.00160000000009252,1073989.84537747,293891.71393167,0.0101219993894996,0.5,0.0101219993894996,100000000,0.25,100000,0.577350269189626,1
3.7,-1289917.65466525,-966025.940733576,-966025.940733576,0.0015,-0.00075,-0.00075,0,0.00150000000009869,1073989.84537747,323891.71393167,0.0101219993894996,0.5,0.0101219993894996,100000000,0.25,100000,0.577350269189626,1
3.72,-1309917.65466525,-956025.940733577,-956025.940733577,0.0014,-0.000700000000000001,-0.000700000000000001,0,0.00140000000010574,1073989.84537747,353891.713931669,0.0101219993894996,0.5,0.0101219993894996,100000000,0.25,100000,0.577350269189626,1
3.74,-1329917.65466525,-946025.940733576,-946025.940733576,0.0013,-0.00065,-0.00065,0,0.00130000000011387,1073989.84537747,383891.71393167,0.0101219993894996,0.5,0.0101219993894996,100000000,0.25,100000,0.577350269189626,1
3.76,-1349917.65466525,-936025.940733577,-936025.940733577,0.0012,-0.000600000000000001,-0.000600000000000001,0,0.00120000000012336,1073989.84537747,413891.713931669,0.0101219993894996,0.5,0.0101219993894996,100000000,0.25,100000,0.577350269189626,1
3.78,-1369917.65466525,-926025.940733576,-926025.940733576,0.0011,-0.00055,-0.00055,0,0.00110000000013457,1073989.84537747,443891.71393167,0.0101219993894996,0.5,0.0101219993894996,100000000,0.25,100000,0.577350269189626,1
3.8,-1389917.65466525,-916025.940733577,-916025.940733577,0.001,-0.000500000000000001,-0.000500000000000001,0,0.00100000000014803,1073989.84537747,473891.713931669,0.0101219993894996,0.5,0.0101219993894996,100000000,0.25,100000,0.577350269189626,1
3.82,-1409917.65466525,-906025.940733577,-906025.940733577,0.000900000000000001,-0.000450000000000001,-0.000450000000000001,0,0.000900000000164479,1073989.84537747,503891.713931669,0.0101219993894996,0.5,0.0101219993894996,100000000,0.25,100000,0.577350269189626,1
3.84,-1429917.65466525,-896025.940733577,-896025.940733577,0.000800000000000002,-0.000400000000000001,-0.000400000000000001,0,0.000800000000185039,1073989.84537747,533891.713931669,0.0101219993894996,0.5,0.0101219993894996,100000000,0.25,100000,0.577350269189626,1
3.86,-1449917.65466525,-886025.940733576,-886025.940733576,0.000700000000000001,-0.00035,-0.00035,0,0.000700000000211472,1073989.84537747,563891.71393167,0.0101219993894996,0.5,0.0101219993894996,100000000,0.25,100000,0.577350269189626,1
3.88,-1469917.65466525,-876025.940733576,-876025.940733576,0.000600000000000001,-0.0003,-0.0003,0,0.000600000000246717,1073989.84537747,593891.71393167,0.0101219993894996,0.5,0.0101219993894996,100000000,0.25,100000,0.577350269189626,1
3.9,-1489917.65466525,-866025.940733576,-866025.940733576,0.000500000000000001,-0.00025,-0.00025,0,0.00050000000029606,1073989.84537747,623891.71393167,0.0101219993894996,0.5,0.0101219993894996,100000000,0.25,100000,0.577350269189626,1
3.92,-1509917.65466525,-856025.940733576,-856025.940733576,0.000400000000000001,-0.0002,-0.0002,0,0.000400000000370075,1073989.84537747,653891.71393167,0.0101219993894996,0.5,0.0101219993894996,100000000,0.25,100000,0.577350269189626,1
3.94,-1530288.86570414,-845324.028575041,-845324.028575041,0.000300000000000001,-0.00015,-0.00015,0,0.000300000000493433,1073645.64095141,684964.837129096,0.0101184223121748,0.5,0.0101184223121748,100000000,0.25,100000,0.577350269189626,1
3.96,-1550672.79511422,-834598.067618269,-834598.067618269,0.000200000000000001,-0.0001,-0.0001,0,0.000200000000740149,1073289.64345025,716074.727495953,0.0101147226776186,0.5,0.0101147226776186,100000000,0.25,100000,0.577350269189626,1
3.98,-1565948.69366029,-833530.73367953,-833530.73367953,0.000100000000000001,-5.00000000000004e-05,-5.00000000000004e-05,0,0.000100000001480298,1077670.05367312,732417.959980762,0.0101602452360026,0.5,0.0101602452360026,100000000,0.25,100000,0.577350269189626,1
4,-1576823.85769839,-840784.620647519,-840784.620647519,7.04731412115578e-19,-3.52365706057789e-19,-3.52365706057789e-19,0,1.72063788530119e-08,1086131.03299781,736039.237050876,0.0102481743124355,0.5,0.0102481743124355,100000000,0.25,100000,0.577350269189626,1
4.02,-1588027.64213101,-847417.128867882,-847417.128867882,-9.99999999999973e-05,4.99999999999987e-05,4.99999999999987e-05,0,0.000100000001480295,1094287.29995559,740610.513263128,0.0103329367250614,0.5,0.0103329367250614,100000000,0.25,100000,0.577350269189626,1
4.04,-1599271.63029149,-853973.617028362,-853973.617028362,-0.0002,9.99999999999998e-05,9.99999999999998e-05,0,0.000200000000740148,1102406.28811607,745298.013263128,0.0104173117250614,0.5,0.0104173117250614,100000000,0.25,100000,0.577350269189626,1
4.06,-1610515.61845197,-860530.105188841,-860530.105188841,-0.000300000000000002,0.000150000000000001,0.000150000000000001,0,0.000300000000493434,1110525.27627655,749985.513263128,0.0105016867250614,0.5,0.0105016867250614,100000000,0.25,100000,0.577350269189626,1
4.08,-1621759.60661245,-867086.59334932,-867086.59334932,-0.0004,0.0002,0.0002,0,0.000400000000370074,1118644.26443703,754673.013263128,0.0105860617250614,0.5,0.0105860617250614,100000000,0.25,100000,0.577350269189626,1
4.1,-1633003.59477293,-873643.081509799,-873643.081509799,-0.000499999999999998,0.000249999999999999,0.000249999999999999,0,0.000500000000296057,1126763.25259751,759360.513263127,0.0106704367250614,0.5,0.0106704367250614,100000000,0.25,100000,0.577350269189626,1
4.12,-1644247.58293341,-880199.569670278,-880199.569670278,-0.0006,0.0003,0.0003,0,0.000600000000246716,1134882.24075799,764048.013263128,0.0107548117250614,0.5,0.0107548117250614,100000000,0.25,100000,0.577350269189626,1
4.14,-1655491.57109388,-886756.057830757,-886756.057830757,-0.000699999999999998,0.000349999999999999,0.000349999999999999,0,0.000700000000211469,1143001.22891847,768735.513263127,0.0108391867250614,0.5,0.0108391867250614,100000000,0.25,100000,0.577350269189626,1
4.16,-1666735.55925436,-893312.545991236,-893312.545991236,-0.0008,0.0004,0.0004,0,0.000800000000185037,1151120.21707895,773423.013263128,0.0109235617250614,0.5,0.0109235617250614,100000000,0.25,100000,0.577350269189626,1
4.18,-1677979.54741484,-899869.034151715,-899869.034151715,-0.000899999999999997,0.000449999999999999,0.000449999999999999,0,0.000900000000164475,1159239.20523942,778110.513263127,0.0110079367250614,0.5,0.0110079367250614,100000000,0.25,100000,0.577350269189626,1
4.2,-1689223.53557532,-906425.522312195,-906425.522312195,-0.001,0.0005,0.0005,0,0.00100000000014803,1167358.1933999,782798.013263128,0.0110923117250614,0.5,0.0110923117250614,100000000,0.25,100000,0.577350269189626,1
4.22,-1700467.5237358,-912982.010472674,-912982.010472674,-0.0011,0.000549999999999999,0.000549999999999999,0,0.00110000000013457,1175477.18156038,787485.513263127,0.0111766867250614,0.5,0.0111766867250614,100000000,0.25,100000,0.577350269189626,1
4.24,-1711711.51189628,-919538.498633153,-919538.498633153,-0.0012,0.0006,0.0006,0,0.00120000000012336,1183596.16972086,792173.013263128,0.0112610617250614,0.5,0.0112610617250614,100000000,0.25,100000,0.577350269189626,1
4.26,-1722955.50005676,-926094.986793632,-926094.986793632,-0.0013,0.000649999999999999,0.000649999999999999,0,0.00130000000011387,1191715.15788134,796860.513263128,0.0113454367250614,0.5,0.0113454367250614,100000000,0.25,100000,0.577350269189626,1
4.28,-1734199.48821724,-932651.474954111,-932651.474954111,-0.0014,0.0007,0.0007,0,0.00140000000010574,1199834.14604182,801548.013263128,0.0114298117250614,0.5,0.0114298117250614,100000000,0.25,100000,0.577350269189626,1
4.3,-1745443.47637772,-939207.96311459,-939207.96311459,-0.0015,0.000749999999999999,0.000749999999999999,0,0.00150000000009868,1207953.1342023,806235.513263127,0.0115141867250614,0.5,0.0115141867250614,100000000,0.25,100000,0.577350269189626,1
4.32,-1756687.4645382,-945764.451275069,-945764.451275069,-0.0016,0.0008,0.0008,0,0.00160000000009252,1216072.12236278,810923.013263128,0.0115985617250614,0.5,0.0115985617250614,100000000,0.25,100000,0.577350269189626,1
4.34,-1767931.45269868,-952320.939435548,-952320.939435548,-0.0017,0.000849999999999999,0.000849999999999999,0,0.00170000000008707,1224191.11052326,815610.513263127,0.0116829367250614,0.5,0.0116829367250614,100000000,0.25,100000,0.577350269189626,1
4.36,-1779175.44085916,-958877.427596027,-958877.427596027,-0.0018,0.0009,0.0009,0,0.00180000000008224,1232310.09868374,820298.013263128,0.0117673117250614,0.5,0.0117673117250614,100000000,0.25,100000,0.577350269189626,1
4.38,-1790419.42901963,-965433.915756506,-965433.915756506,-0.0019,0.000949999999999999,0.000949999999999999,0,0.00190000000007791,1240429.08684422,824985.513263127,0.0118516867250614,0.5,0.0118516867250614,100000000,0.25,100000,0.577350269189626,1
4.4,-1801663.41718011,-971990.403916986,-971990.403916986,-0.002,0.001,0.001,0,0.00200000000007402,1248548.07500469,829673.013263128,0.0119360617250614,0.5,0.0119360617250614,100000000,0.25,100000,0.577350269189626,1
4.42,-1812907.40534059,-978546.892077465,-978546.892077465,-0.0021,0.00105,0.00105,0,0.00210000000007049,1256667.06316517,834360.513263127,0.0120204367250614,0.5,0.0120204367250614,100000000,0.25,100000,0.577350269189626,1
4.44,-1824151.39350107,-985103.380237944,-985103.380237944,-0.0022,0.0011,0.0011,0,0.00220000000006728,1264786.05132565,839048.013263127,0.0121048117250614,0.5,0.0121048117250614,100000000,0.25,100000,0.577350269189626,1
4.46,-1835395.38166155,-991659.868398423,-991659.868398423,-0.0023,0.00115,0.00115,0,0.00230000000006436,1272905.03948613,843735.513263128,0.0121891867250614,0.5,0.0121891867250614,100000000,0.25,100000,0.577350269189626,1
4.48,-1846639.36982203,-998216.356558902,-998216.356558902,-0.0024,0.0012,0.0012,0,0.00240000000006168,1281024.02764661,848423.013263128,0.0122735617250614,0.5,0.0122735617250614,100000000,0.25,100000,0.577350269189626,1
4.5,-1857883.35798251,-1004772.84471938,-1004772.84471938,-0.0025,0.00125,0.00125,0,0.00250000000005921,1289143.01580709,853110.513263128,0.0123579367250614,0.5,0.0123579367250614,100000000,0.25,100000,0.577350269189626,1
4.52,-1869127.34614299,-1011329.33287986,-1011329.33287986,-0.0026,0.0013,0.0013,0,0.00260000000005693,1297262.00396757,857798.013263127,0.0124423117250614,0.5,0.0124423117250614,100000000,0.25,100000,0.577350269189626,1
4.54,-1880371.33430347,-1017885.82104034,-1017885.82104034,-0.0027,0.00135,0.00135,0,0.00270000000005482,1305380.99212805,862485.513263127,0.0125266867250614,0.5,0.0125266867250614,100000000,0.25,100000,0.577350269189626,1
4.56,-1891615.32246395,-1024442.30920082,-1024442.30920082,-0.0028,0.0014,0.0014,0,0.00280000000005287,1313499.98028853,867173.013263128,0.0126110617250614,0.5,0.0126110617250614,100000000,0.25,100000,0.577350269189626,1
4.58,-1902859.31062443,-1030998.7973613,-1030998.7973613,-0.0029,0.00145,0.00145,0,0.00290000000005104,1321618.96844901,871860.513263127,0.0126954367250614,0.5,0.0126954367250614,100000000,0.25,100000,0.577350269189626,1
4.6,-1914103.2987849,-1037555.28552178,-1037555.28552178,-0.003,0.0015,0.0015,0,0.00300000000004934,1329737.95660949,876548.013263127,0.0127798117250614,0.5,0.0127798117250614,100000000,0.25,100000,0.577350269189626,1
4.62,-1925347.28694538,-1044111.77368226,-1044111.77368226,-0.0031,0.00155,0.00155,0,0.00310000000004775,1337856.94476997,881235.513263127,0.0128641867250614,0.5,0.0128641867250614,100000000,0.25,100000,0.577350269189626,1
4.64,-1936591.27510586,-1050668.26184273,-1050668.26184273,-0.0032,0.0016,0.0016,0,0.00320000000004626,1345975.93293044,885923.013263127,0.0129485617250614,0.5,0.0129485617250614,100000000,0.25,100000,0.577350269189626,1
4.66,-1947835.26326634,-1057224.75000321,-1057224.75000321,-0.0033,0.00165,0.00165,0,0.00330000000004486,1354094.92109092,890610.513263128,0.0130329367250614,0.5,0.0130329367250614,100000000,0.25,100000,0.577350269189626,1
4.68,-1959079.25142682,-1063781.23816369,-1063781.23816369,-0.0034,0.0017,0.0017,0,0.00340000000004354,1362213.9092514,895298.013263127,0.0131173117250614,0.5,0.0131173117250614,100000000,0.25,100000,0.577350269189626,1
4.7,-1970323.2395873,-1070337.72632417,-1070337.72632417,-0.0035,0.00175,0.00175,0,0.00350000000004229,1370332.89741188,899985.513263127,0.0132016867250614,0.5,0.0132016867250614,100000000,0.25,100000,0.577350269189626,1
4.72,-1981567.22774778,-1076894.21448465,-1076894.21448465,-0.0036,0.0018,0.0018,0,0.00360000000004112,1378451.88557236,904673.013263127,0.0132860617250614,0.5,0.0132860617250614,100000000,0.25,100000,0.577350269189626,1
4.74,-1992811.21590826,-1083450.70264513,-1083450.70264513,-0.0037,0.00185,0.00185,0,0.00370000000004001,1386570.87373284,909360.513263127,0.0133704367250614,0.5,0.0133704367250614,100000000,0.25,100000,0.577350269189626,1
4.76,-2004055.20406874,-1090007.19080561,-1090007.19080561,-0.0038,0.0019,0.0019,0,0.00380000000003895,1394689.86189332,914048.013263127,0.0134548117250614,0.5,0.0134548117250614,100000000,0.25,100000,0.577350269189626,1
4.78,-2015299.19222922,-1096563.67896609,-1096563.67896609,-0.0039,0.00195,0.00195,0,0.00390000000003796,1402808.8500538,918735.513263127,0.0135391867250614,0.5,0.0135391867250614,100000000,0.25,100000,0.577350269189626,1
4.8,-2026543.18038969,-1103120.16712657,-1103120.16712657,-0.004,0.002,0.002,0,0.004000000000037,1410927.83821428,923423.013263127,0.0136235617250614,0.5,0.0136235617250614,100000000,0.25,100000,0.577350269189626,1
4.82,-2037787.16855017,-1109676.65528705,-1109676.65528705,-0.0041,0.00205,0.00205,0,0.0041000000000361,1419046.82637476,928110.513263127,0.0137079367250614,0.5,0.0137079367250614,100000000,0.25,100000,0.577350269189626,1
4.84,-2049031.15671065,-1116233.14344753,-1116233.14344753,-0.0042,0.0021,0.0021,0,0.00420000000003524,1427165.81453524,932798.013263127,0.0137923117250614,0.5,0.0137923117250614,100000000,0.25,100000,0.577350269189626,1
4.86,-2060275.14487113,-1122789.63160801,-1122789.63160801,-0.0043,0.00215,0.00215,0,0.00430000000003442,1435284.80269571,937485.513263127,0.0138766867250614,0.5,0.0138766867250614,100000000,0.25,100000,0.577350269189626,1
4.88,-2071519.13303161,-1129346.11976848,-1129346.11976848,-0.0044,0.0022,0.0022,0,0.00440000000003364,1443403.79085619,942173.013263127,0.0139610617250614,0.5,0.0139610617250614,100000000,0.25,100000,0.577350269189626,1
4.9,-2082763.12119209,-1135902.60792896,-1135902.60792896,-0.0045,0.00225,0.00225,0,0.0045000000000329,1451522.77901667,946860.513263127,0.0140454367250614,0.5,0.0140454367250614,100000000,0.25,100000,0.577350269189626,1
4.92,-2094007.10935257,-1142459.09608944,-1142459.09608944,-0.0046,0.0023,0.0023,0,0.00460000000003218,1459641.76717715,951548.013263127,0.0141298117250614,0.5,0.0141298117250614,100000000,0.25,100000,0.577350269189626,1
4.94,-2105251.09751305,-1149015.58424992,-1149015.58424992,-0.0047,0.00235,0.00235,0,0.00470000000003149,1467760.75533763,956235.513263127,0.0142141867250614,0.5,0.0142141867250614,100000000,0.25,100000,0.577350269189626,1
4.96,-2116495.08567353,-1155572.0724104,-1155572.0724104,-0.0048,0.0024,0.0024,0,0.00480000000003084,1475879.74349811,960923.013263127,0.0142985617250614,0.5,0.0142985617250614,100000000,0.25,100000,0.577350269189626,1
4.98,-2127739.07383401,-1162128.56057088,-1162128.56057088,-0.0049,0.00245,0.00245,0,0.00490000000003021,1483998.73165859,965610.513263127,0.0143829367250614,0.5,0.0143829367250614,100000000,0.25,100000,0.577350269189626,1
5,-2138983.06199449,-1168685.04873136,-1168685.04873136,-0.005,0.0025,0.0025,0,0.0050000000000296,1492117.71981907,970298.013263127,0.0144673117250614,0.5,0.0144673117250614,100000000,0.25,100000,0.577350269189626,1
5,-2138983.06199449,-1168685.04873136,-1168685.04873136,-0.005,0.0025,0.0025,0,0.0050000000000296,1492117.71981907,970298.013263127,0.0144673117250614,0.5,0.0144673117250614,100000000,0.25,100000,0.577350269189626,1
5.02,-2118983.06199449,-1178685.04873136,-1178685.04873136,-0.0049,0.00245,0.00245,0,0.00490000000003021,1492117.71981907,940298.013263127,0.0144673117250614,0.5,0.0144673117250614,100000000,0.25,100000,0.577350269189626,1
5.04,-2098983.06199449,-1188685.04873136,-1188685.04873136,-0.0048,0.0024,0.0024,0,0.00480000000003084,1492117.71981907,910298.013263126,0.0144673117250614,0.5,0.0144673117250614,100000000,0.25,100000,0.577350269189626,1
5.06,-2078983.06199449,-1198685.04873136,-1198685.04873136,-0.0047,0.00235,0.00235,0,0.0047000000000315,1492117.71981907,880298.013263127,0.0144673117250614,0.5,0.0144673117250614,100000000,0.25,100000,0.577350269189626,1
5.08,-2058983.06199449,-1208685.04873136,-1208685.04873136,-0.0046,0.0023,0.0023,0,0.00460000000003218,1492117.71981907,850298.013263127,0.0144673117250614,0.5,0.0144673117250614,100000000,0.25,100000,0.577350269189626,1
5.1,-2038983.06199449,-1218685.04873136,-1218685.04873136,-0.0045,0.00225,0.00225,0,0.0045000000000329,1492117.71981907,820298.013263127,0.0144673117250614,0.5,0.0144673117250614,100000000,0.25,100000,0.577350269189626,1
5.12,-2018983.06199449,-1228685.04873136,-1228685.04873136,-0.0044,0.0022,0.0022,0,0.00440000000003364,1492117.71981907,790298.013263127,0.0144673117250614,0.5,0.0144673117250614,100000000,0.25,100000,0.577350269189626,1
5.14,-1998983.06199449,-1238685.04873136,-1238685.04873136,-0.0043,0.00215,0.00215,0,0.00430000000003442,1492117.71981907,760298.013263127,0.0144673117250614,0.5,0.0144673117250614,100000000,0.25,100000,0.577350269189626,1
5.16,-1978983.06199449,-1248685.04873136,-1248685.04873136,-0.0042,0.0021,0.0021,0,0.00420000000003524,1492117.71981907,730298.013263127,0.0144673117250614,0.5,0.0144673117250614,100000000,0.25,100000,0.577350269189626,1
5.18,-1958983.06199449,-1258685.04873136,-1258685.04873136,-0.0041,0.00205,0.00205,0,0.0041000000000361,1492117.71981907,700298.013263127,0.0144673117250614,0.5,0.0144673117250614,100000000,0.25,100000,0.577350269189626,1
5.2,-1938983.06199449,-1268685.04873136,-1268685.04873136,-0.004,0.002,0.002,0,0.004000000000037,1492117.71981907,670298.013263127,0.0144673117250614,0.5,0.0144673117250614,100000000,0.25,100000,0.577350269189626,1
5.22,-1918983.06199449,-1278685.04873136,-1278685.04873136,-0.0039,0.00195,0.00195,0,0.00390000000003796,1492117.71981907,640298.013263127,0.0144673117250614,0.5,0.0144673117250614,100000000,0.25,100000,0.577350269189626,1
5.24,-1898983.06199449,-1288685.04873136,-1288685.04873136,-0.0038,0.0019,0.0019,0,0.00380000000003895,1492117.71981907,610298.013263126,0.0144673117250614,0.5,0.0144673117250614,100000000,0.25,100000,0.577350269189626,1
5.26,-1878983.06199449,-1298685.04873136,-1298685.04873136,-0.0037,0.00185,0.00185,0,0.00370000000004001,1492117.71981907,580298.013263127,0.0144673117250614,0.5,0.0144673117250614,100000000,0.25,100000,0.577350269189626,1
5.28,-1858983.06199449,-1308685.04873136,-1308685.04873136,-0.0036,0.0018,0.0018,0,0.00360000000004112,1492117.71981907,550298.013263126,0.0144673117250614,0.5,0.0144673117250614,100000000,0.25,100000,0.577350269189626,1
5.3,-1838983.06199449,-1318685.04873136,-1318685.04873136,-0.0035,0.00175,0.00175,0,0.00350000000004229,1492117.71981907,520298.013263127,0.0144673117250614,0.5,0.0144673117250614,100000000,0.25,100000,0.577350269189626,1
5.32,-1818983.06199449,-1328685.04873136,-1328685.04873136,-0.0034,0.0017,0.0017,0,0.00340000000004353,1492117.71981907,490298.013263126,0.0144673117250614,0.5,0.0144673117250614,100000000,0.25,100000,0.577350269189626,1
5.34,-1798983.06199449,-1338685.04873136,-1338685.04873136,-0.0033,0.00165,0.00165,0,0.00330000000004486,1492117.71981907,460298.013263127,0.0144673117250614,0.5,0.0144673117250614,100000000,0.25,100000,0.577350269189626,1
5.36,-1778983.06199449,-1348685.04873136,-1348685.04873136,-0.0032,0.0016,0.0016,0,0.00320000000004626,1492117.71981907,430298.013263126,0.0144673117250614,0.5,0.0144673117250614,100000000,0.25,100000,0.577350269189626,1
5.38,-1758983.06199449,-1358685.04873136,-1358685.04873136,-0.0031,0.00155,0.00155,0,0.00310000000004775,1492117.71981907,400298.013263127,0.0144673117250614,0.5,0.0144673117250614,100000000,0.25,100000,0.577350269189626,1
5.4,-1738983.06199449,-1368685.04873136,-1368685.04873136,-0.003,0.0015,0.0015,0,0.00300000000004934,1492117.71981907,370298.013263126,0.0144673117250614,0.5,0.0144673117250614,100000000,0.25,100000,0.577350269189626,1
5.42,-1718983.06199449,-1378685.04873136,-1378685.04873136,-0.0029,0.00145,0.00145,0,0.00290000000005104,1492117.71981907,340298.013263127,0.0144673117250614,0.5,0.0144673117250614,100000000,0.25,100000,0.577350269189626,1
5.44,-1698983.06199449,-1388685.04873136,-1388685.04873136,-0.0028,0.0014,0.0014,0,0.00280000000005286,1492117.71981907,310298.013263126,0.0144673117250614,0.5,0.0144673117250614,100000000,0.25,100000,0.577350269189626,1
5.46,-1678983.06199449,-1398685.04873136,-1398685.04873136,-0.0027,0.00135,0.00135,0,0.00270000000005482,1492117.71981907,280298.013263127,0.0144673117250614,0.5,0.0144673117250614,100000000,0.25,100000,0.577350269189626,1
5.48,-1658983.06199449,-1408685.04873136,-1408685.04873136,-0.0026,0.0013,0.0013,0,0.00260000000005693,1492117.71981907,250298.013263126,0.0144673117250614,0.5,0.0144673117250614,100000000,0.25,100000,0.577350269189626,1
5.5,-1638983.06199449,-1418685.04873136,-1418685.04873136,-0.0025,0.00125,0.00125,0,0.00250000000005921,1492117.71981907,220298.013263127,0.0144673117250614,0.5,0.0144673117250614,100000000,0.25,100000,0.577350269189626,1
5.52,-1618983.06199449,-1428685.04873136,-1428685.04873136,-0.0024,0.0012,0.0012,0,0.00240000000006168,1492117.71981907,190298.013263128,0.0144673117250614,0.5,0.0144673117250614,100000000,0.25,100000,0.577350269189626,1
5.54,-1598983.06199449,-1438685.04873136,-1438685.04873136,-0.0023,0.00115,0.00115,0,0.00230000000006436,1492117.71981907,160298.013263127,0.0144673117250614,0.5,0.0144673117250614,100000000,0.25,100000,0.577350269189626,1
5.56,-1578983.06199449,-1448685.04873136,-1448685.04873136,-0.0022,0.0011,0.0011,0,0.00220000000006728,1492117.71981907,130298.013263126,0.0144673117250614,0.5,0.0144673117250614,100000000,0.25,100000,0.577350269189626,1
5.58,-1558983.06199449,-1458685.04873136,-1458685.04873136,-0.0021,0.00105,0.00105,0,0.00210000000007049,1492117.71981907,100298.013263127,0.0144673117250614,0.5,0.0144673117250614,100000000,0.25,100000,0.577350269189626,1
5.6,-1538983.06199449,-1468685.04873136,-1468685.04873136,-0.002,0.001,0.001,0,0.00200000000007402,1492117.71981907,70298.0132631275,0.0144673117250614,0.5,0.0144673117250614,100000000,0.25,100000,0.577350269189626,1
5.62,-1518983.06199449,-1478685.04873136,-1478685.04873136,-0.0019,0.000949999999999999,0.000949999999999999,0,0.00190000000007791,1492117.71981907,40298.0132631268,0.0144673117250614,0.5,0.0144673117250614,100000000,0.25,100000,0.577350269189626,1
5.64,-1498983.06199449,-1488685.04873136,-1488685.04873136,-0.0018,0.0009,0.0009,0,0.00180000000008224,1492117.71981907,10298.0132631275,0.0144673117250614,0.5,0.0144673117250614,100000000,0.25,100000,0.577350269189626,1
5.66,-1478983.06199449,-1498685.04873136,-1498685.04873136,-0.0017,0.000849999999999999,0.000849999999999999,0,0.00170000000008707,1492117.71981907,19701.9867368734,0.0144673117250614,0.5,0.0144673117250614,100000000,0.25,100000,0.577350269189626,1
5.68,-1458983.06199449,-1508685.04873136,-1508685.04873136,-0.0016,0.0008,0.0008,0,0.00160000000009252,1492117.71981907,49701.9867368727,0.0144673117250614,0.5,0.0144673117250614,100000000,0.25,100000,0.577350269189626,1
5.7,-1438983.06199449,-1518685.04873136,-1518685.04873136,-0.0015,0.000749999999999999,0.000749999999999999,0,0.00150000000009868,1492117.71981907,79701.9867368734,0.0144673117250614,0.5,0.0144673117250614,100000000,0.25,100000,0.577350269189626,1
5.72,-1418983.06199449,-1528685.04873136,-1528685.04873136,-0.0014,0.0007,0.0007,0,0.00140000000010574,1492117.71981907,109701.986736873,0.0144673117250614,0.5,0.0144673117250614,100000000,0.25,100000,0.577350269189626,1
5.74,-1398983.06199449,-1538685.04873136,-1538685.04873136,-0.0013,0.000649999999999999,0.000649999999999999,0,0.00130000000011387,1492117.71981907,139701.986736873,0.0144673117250614,0.5,0.0144673117250614,100000000,0.25,100000,0.577350269189626,1
5.76,-1378983.06199449,-1548685.04873136,-1548685.04873136,-0.0012,0.0006,0.0006,0,0.00120000000012336,1492117.71981907,169701.986736873,0.0144673117250614,0.5,0.0144673117250614,100000000,0.25,100000,0.577350269189626,1
5.78,-1358983.06199449,-1558685.04873136,-1558685.04873136,-0.0011,0.000549999999999999,0.000549999999999999,0,0.00110000000013457,1492117.71981907,199701.986736873,0.0144673117250614,0.5,0.0144673117250614,100000000,0.25,100000,0.577350269189626,1
5.8,-1338983.06199449,-1568685.04873136,-1568685.04873136,-0.001,0.0005,0.0005,0,0.00100000000014803,1492117.71981907,229701.986736873,0.0144673117250614,0.5,0.0144673117250614,100000000,0.25,100000,0.577350269189626,1
5.82,-1318983.06199449,-1578685.04873136,-1578685.04873136,-0.000899999999999997,0.000449999999999999,0.000449999999999999,0,0.000900000000164475,1492117.71981907,259701.986736873,0.0144673117250614,0.5,0.0144673117250614,100000000,0.25,100000,0.577350269189626,1
5.84,-1298983.06199449,-1588685.04873136,-1588685.04873136,-0.0008,0.0004,0.0004,0,0.000800000000185037,1492117.71981907,289701.986736873,0.0144673117250614,0.5,0.0144673117250614,100000000,0.25,100000,0.577350269189626,1
5.86,-1278983.06199449,-1598685.04873136,-1598685.04873136,-0.000699999999999997,0.000349999999999999,0.000349999999999999,0,0.000700000000211468,1492117.71981907,319701.986736874,0.0144673117250614,0.5,0.0144673117250614,100000000,0.25,100000,0.577350269189626,1
5.88,-1258983.06199449,-1608685.04873136,-1608685.04873136,-0.000599999999999999,0.0003,0.0003,0,0.000600000000246715,1492117.71981907,349701.986736873,0.0144673117250614,0.5,0.0144673117250614,100000000,0.25,100000,0.577350269189626,1
5.9,-1238983.06199449,-1618685.04873136,-1618685.04873136,-0.000499999999999997,0.000249999999999998,0.000249999999999998,0,0.000500000000296056,1492117.71981907,379701.986736874,0.0144673117250614,0.5,0.0144673117250614,100000000,0.25,100000,0.577350269189626,1
5.92,-1218983.06199449,-1628685.04873136,-1628685.04873136,-0.000399999999999999,0.0002,0.0002,0,0.000400000000370073,1492117.71981907,409701.986736873,0.0144673117250614,0.5,0.0144673117250614,100000000,0.25,100000,0.577350269189626,1
5.94,-1198983.06199449,-1638685.04873136,-1638685.04873136,-0.000300000000000001,0.000150000000000001,0.000150000000000001,0,0.000300000000493434,1492117.71981907,439701.986736872,0.0144673117250614,0.5,0.0144673117250614,100000000,0.25,100000,0.577350269189626,1
5.96,-1178983.06199449,-1648685.04873136,-1648685.04873136,-0.000199999999999999,9.99999999999995e-05,9.99999999999995e-05,0,0.000200000000740148,1492117.71981907,469701.986736873,0.0144673117250614,0.5,0.0144673117250614,100000000,0.25,100000,0.577350269189626,1
5.98,-1158983.06199449,-1658685.04873136,-1658685.04873136,-9.99999999999971e-05,4.99999999999986e-05,4.99999999999986e-05,0,0.000100000001480294,1492117.71981907,499701.986736874,0.0144673117250614,0.5,0.0144673117250614,100000000,0.25,100000,0.577350269189626,1
6,-1138983.06199449,-1668685.04873136,-1668685.04873136,7.58941520739853e-19,-3.79470760369927e-19,-3.79470760369927e-19,0,1.72063788530119e-08,1492117.71981907,529701.986736873,0.0144673117250614,0.5,0.0144673117250614,100000000,0.25,100000,0.577350269189626,1
6.02,-1118983.06199449,-1678685.04873136,-1678685.04873136,9.99999999999989e-05,-4.99999999999994e-05,-4.99999999999994e-05,0,0.000100000001480296,1492117.71981907,559701.986736872,0.0144673117250614,0.5,0.0144673117250614,100000000,0.25,100000,0.577350269189626,1
6.04,-1098983.06199449,-1688685.04873136,-1688685.04873136,0.000200000000000001,-0.0001,-0.0001,0,0.000200000000740149,1492117.71981907,589701.986736873,0.0144673117250614,0.5,0.0144673117250614,100000000,0.25,100000,0.577350269189626,1
6.06,-1078983.06199449,-1698685.04873136,-1698685.04873136,0.000300000000000004,-0.000150000000000002,-0.000150000000000002,0,0.000300000000493436,1492117.71981907,619701.986736874,0.0144673117250614,0.5,0.0144673117250614,100000000,0.25,100000,0.577350269189626,1
6.08,-1058983.06199449,-1708685.04873136,-1708685.04873136,0.000400000000000001,-0.000200000000000001,-0.000200000000000001,0,0.000400000000370076,1492117.71981907,649701.986736873,0.0144673117250614,0.5,0.0144673117250614,100000000,0.25,100000,0.577350269189626,1
6.1,-1038983.06199449,-1718685.04873136,-1718685.04873136,0.000499999999999999,-0.00025,-0.00025,0,0.000500000000296059,1492117.71981907,679701.986736873,0.0144673117250614,0.5,0.0144673117250614,100000000,0.25,100000,0.577350269189626,1
6.12,-1018983.06199449,-1728685.04873136,-1728685.04873136,0.000600000000000002,-0.000300000000000001,-0.000300000000000001,0,0.000600000000246718,1492117.71981907,709701.986736873,0.0144673117250614,0.5,0.0144673117250614,100000000,0.25,100000,0.577350269189626,1
6.14,-998983.061994486,-1738685.04873136,-1738685.04873136,0.000699999999999999,-0.00035,-0.00035,0,0.00070000000021147,1492117.71981907,739701.986736873,0.0144673117250614,0.5,0.0144673117250614,100000000,0.25,100000,0.577350269189626,1
6.16,-978983.061994485,-1748685.04873136,-1748685.04873136,0.000800000000000002,-0.000400000000000001,-0.000400000000000001,0,0.000800000000185039,1492117.71981907,769701.986736873,0.0144673117250614,0.5,0.0144673117250614,100000000,0.25,100000,0.577350269189626,1
6.18,-958983.061994486,-1758685.04873136,-1758685.04873136,0.0009,-0.00045,-0.00045,0,0.000900000000164477,1492117.71981907,799701.986736873,0.0144673117250614,0.5,0.0144673117250614,100000000,0.25,100000,0.577350269189626,1
6.2,-938983.061994486,-1768685.04873136,-1768685.04873136,0.001,-0.000500000000000001,-0.000500000000000001,0,0.00100000000014803,1492117.71981907,829701.986736873,0.0144673117250614,0.5,0.0144673117250614,100000000,0.25,100000,0.577350269189626,1
6.22,-918983.061994486,-1778685.04873136,-1778685.04873136,0.0011,-0.00055,-0.00055,0,0.00110000000013457,1492117.71981907,859701.986736873,0.0144673117250614,0.5,0.0144673117250614,100000000,0.25,100000,0.577350269189626,1
6.24,-898983.061994486,-1788685.04873136,-1788685.04873136,0.0012,-0.000600000000000001,-0.000600000000000001,0,0.00120000000012336,1492117.71981907,889701.986736873,0.0144673117250614,0.5,0.0144673117250614,100000000,0.25,100000,0.577350269189626,1
6.26,-878983.061994486,-1798685.04873136,-1798685.04873136,0.0013,-0.000649999999999999,-0.000649999999999999,0,0.00130000000011387,1492117.71981907,919701.986736872,0.0144673117250614,0.5,0.0144673117250614,100000000,0.25,100000,0.577350269189626,1
6.28,-856179.894196906,-1808720.77100689,-1808720.77100689,0.0014,-0.000700000000000001,-0.000700000000000001,0,0.00140000000010574,1491207.14540356,952540.876809984,0.014457848758151,0.5,0.014457848758151,100000000,0.25,100000,0.577350269189626,1
6.3,-843204.005704676,-1818631.25897452,-1818631.25897452,0.0015,-0.00075,-0.00075,0,0.00150000000009869,1493488.8412179,975427.253269841,0.0144815608366181,0.5,0.0144815608366181,100000000,0.25,100000,0.577350269189626,1
6.32,-846299.357740469,-1828336.94247672,-1828336.94247672,0.0016,-0.000800000000000001,-0.000800000000000001,0,0.00160000000009252,1500991.08089797,982037.584736254,0.0145595263983968,0.5,0.0145595263983968,100000000,0.25,100000,0.577350269189626,1
6.34,-852167.034772199,-1838007.29674981,-1838007.29674981,0.0017,-0.00085,-0.00085,0,0.00170000000008708,1509393.87609061,985840.261977615,0.0146468508075922,0.5,0.0146468508075922,100000000,0.25,100000,0.577350269189626,1
6.36,-857161.022932678,-1847688.78491029,-1847688.78491029,0.0018,-0.000900000000000001,-0.000900000000000001,0,0.00180000000008224,1517512.86425109,990527.761977616,0.0147312258075922,0.5,0.0147312258075922,100000000,0.25,100000,0.577350269189626,1
6.38,-862155.011093157,-1857370.27307077,-1857370.27307077,0.0019,-0.00095,-0.00095,0,0.00190000000007791,1525631.85241157,995215.261977615,0.0148156008075922,0.5,0.0148156008075922,100000000,0.25,100000,0.577350269189626,1
6.4,-867148.999253637,-1867051.76123125,-1867051.76123125,0.002,-0.001,-0.001,0,0.00200000000007402,1533750.84057205,999902.761977615,0.0148999758075922,0.5,0.0148999758075922,100000000,0.25,100000,0.577350269189626,1
6.42,-872142.987414116,-1876733.24939173,-1876733.24939173,0.0021,-0.00105,-0.00105,0,0.00210000000007049,1541869.82873253,1004590.26197762,0.0149843508075922,0.5,0.0149843508075922,100000000,0.25,100000,0.577350269189626,1
6.44,-877136.975574595,-1886414.73755221,-1886414.73755221,0.0022,-0.0011,-0.0011,0,0.00220000000006728,1549988.816893,1009277.76197761,0.0150687258075922,0.5,0.0150687258075922,100000000,0.25,100000,0.577350269189626,1
6.46,-882130.963735074,-1896096.22571269,-1896096.22571269,0.0023,-0.00115,-0.00115,0,0.00230000000006436,1558107.80505348,1013965.26197762,0.0151531008075922,0.5,0.0151531008075922,100000000,0.25,100000,0.577350269189626,1
6.48,-887124.951895553,-1905777.71387317,-1905777.71387317,0.0024,-0.0012,-0.0012,0,0.00240000000006168,1566226.79321396,1018652.76197762,0.0152374758075922,0.5,0.0152374758075922,100000000,0.25,100000,0.577350269189626,1
6.5,-892118.940056032,-1915459.20203365,-1915459.20203365,0.0025,-0.00125,-0.00125,0,0.00250000000005921,1574345.78137444,1023340.26197762,0.0153218508075922,0.5,0.0153218508075922,100000000,0.25,100000,0.577350269189626,1
6.52,-897112.928216511,-1925140.69019413,-1925140.69019413,0.0026,-0.0013,-0.0013,0,0.00260000000005693,1582464.76953492,1028027.76197761,0.0154062258075922,0.5,0.0154062258075922,100000000,0.25,100000,0.577350269189626,1
6.54,-902106.91637699,-1934822.17835461,-1934822.17835461,0.0027,-0.00135,-0.00135,0,0.00270000000005483,1590583.7576954,1032715.26197762,0.0154906008075922,0.5,0.0154906008075922,100000000,0.25,100000,0.577350269189626,1
6.56,-907100.904537469,-1944503.66651508,-1944503.66651508,0.0028,-0.0014,-0.0014,0,0.00280000000005287,1598702.74585588,1037402.76197762,0.0155749758075922,0.5,0.0155749758075922,100000000,0.25,100000,0.577350269189626,1
6.58,-912094.892697948,-1954185.15467556,-1954185.15467556,0.0029,-0.00145,-0.00145,0,0.00290000000005105,1606821.73401636,1042090.26197761,0.0156593508075922,0.5,0.0156593508075922,100000000,0.25,100000,0.577350269189626,1
6.6,-917088.880858427,-1963866.64283604,-1963866.64283604,0.003,-0.0015,-0.0015,0,0.00300000000004934,1614940.72217684,1046777.76197761,0.0157437258075922,0.5,0.0157437258075922,100000000,0.25,100000,0.577350269189626,1
6.62,-922082.869018907,-1973548.13099652,-1973548.13099652,0.0031,-0.00155,-0.00155,0,0.00310000000004775,1623059.71033732,1051465.26197762,0.0158281008075922,0.5,0.0158281008075922,100000000,0.25,100000,0.577350269189626,1
6.64,-927076.857179386,-1983229.619157,-1983229.619157,0.0032,-0.0016,-0.0016,0,0.00320000000004626,1631178.6984978,1056152.76197762,0.0159124758075922,0.5,0.0159124758075922,100000000,0.25,100000,0.577350269189626,1
6.66,-932070.845339865,-1992911.10731748,-1992911.10731748,0.0033,-0.00165,-0.00165,0,0.00330000000004486,1639297.68665828,1060840.26197762,0.0159968508075922,0.5,0.0159968508075922,100000000,0.25,100000,0.577350269189626,1
6.68,-937064.833500344,-2002592.59547796,-2002592.59547796,0.0034,-0.0017,-0.0017,0,0.00340000000004354,1647416.67481875,1065527.76197762,0.0160812258075922,0.5,0.0160812258075922,100000000,0.25,100000,0.577350269189626,1
6.7,-942058.821660823,-2012274.08363844,-2012274.08363844,0.0035,-0.00175,-0.00175,0,0.00350000000004229,1655535.66297923,1070215.26197762,0.0161656008075922,0.5,0.0161656008075922,100000000,0.25,100000,0.577350269189626,1
6.72,-947052.809821302,-2021955.57179892,-2021955.57179892,0.0036,-0.0018,-0.0018,0,0.00360000000004112,1663654.65113971,1074902.76197762,0.0162499758075922,0.5,0.0162499758075922,100000000,0.25,100000,0.577350269189626,1
6.74,-952046.797981781,-2031637.0599594,-2031637.0599594,0.0037,-0.00185,-0.00185,0,0.00370000000004001,1671773.63930019,1079590.26197762,0.0163343508075922,0.5,0.0163343508075922,100000000,0.25,100000,0.577350269189626,1
6.76,-957040.78614226,-2041318.54811988,-2041318.54811988,0.0038,-0.0019,-0.0019,0,0.00380000000003895,1679892.62746067,1084277.76197762,0.0164187258075922,0.5,0.0164187258075922,100000000,0.25,100000,0.577350269189626,1
6.78,-962034.77430274,-2051000.03628035,-2051000.03628035,0.0039,-0.00195,-0.00195,0,0.00390000000003796,1688011.61562115,1088965.26197762,0.0165031008075922,0.5,0.0165031008075922,100000000,0.25,100000,0.577350269189626,1
6.8,-967028.762463219,-2060681.52444083,-2060681.52444083,0.004,-0.002,-0.002,0,0.00400000000003701,1696130.60378163,1093652.76197761,0.0165874758075922,0.5,0.0165874758075922,100000000,0.25,100000,0.577350269189626,1
6.82,-972022.750623698,-2070363.01260131,-2070363.01260131,0.0041,-0.00205,-0.00205,0,0.00410000000003611,1704249.59194211,1098340.26197762,0.0166718508075922,0.5,0.0166718508075922,100000000,0.25,100000,0.577350269189626,1
6.84,-977016.738784177,-2080044.50076179,-2080044.50076179,0.0042,-0.0021,-0.0021,0,0.00420000000003524,1712368.58010259,1103027.76197761,0.0167562258075922,0.5,0.0167562258075922,100000000,0.25,100000,0.577350269189626,1
6.86,-982010.726944656,-2089725.98892227,-2089725.98892227,0.0043,-0.00215,-0.00215,0,0.00430000000003443,1720487.56826307,1107715.26197762,0.0168406008075922,0.5,0.0168406008075922,100000000,0.25,100000,0.577350269189626,1
6.88,-987004.715105135,-2099407.47708275,-2099407.47708275,0.0044,-0.0022,-0.0022,0,0.00440000000003364,1728606.55642355,1112402.76197762,0.0169249758075922,0.5,0.0169249758075922,100000000,0.25,100000,0.577350269189626,1
6.9,-991998.703265614,-2109088.96524323,-2109088.96524323,0.0045,-0.00225,-0.00225,0,0.0045000000000329,1736725.54458402,1117090.26197762,0.0170093508075922,0.5,0.0170093508075922,100000000,0.25,100000,0.577350269189626,1
6.92,-996992.691426093,-2118770.45340371,-2118770.45340371,0.0046,-0.0023,-0.0023,0,0.00460000000003218,1744844.5327445,1121777.76197762,0.0170937258075922,0.5,0.0170937258075922,100000000,0.25,100000,0.577350269189626,1
6.94,-1001986.67958657,-2128451.94156419,-2128451.94156419,0.0047,-0.00235,-0.00235,0,0.00470000000003149,1752963.52090498,1126465.26197762,0.0171781008075922,0.5,0.0171781008075922,100000000,0.25,100000,0.577350269189626,1
6.96,-1006980.66774705,-2138133.42972467,-2138133.42972467,0.0048,-0.0024,-0.0024,0,0.00480000000003084,1761082.50906546,1131152.76197761,0.0172624758075922,0.5,0.0172624758075922,100000000,0.25,100000,0.577350269189626,1
6.98,-1011974.65590753,-2147814.91788515,-2147814.91788515,0.0049,-0.00245,-0.00245,0,0.00490000000003021,1769201.49722594,1135840.26197761,0.0173468508075922,0.5,0.0173468508075922,100000000,0.25,100000,0.577350269189626,1
7,-1016968.64406801,-2157496.40604562,-2157496.40604562,0.005,-0.0025,-0.0025,0,0.00500000000002961,1777320.48538642,1140527.76197762,0.0174312258075922,0.5,0.0174312258075922,100000000,0.25,100000,0.577350269189626,1
