t,S1,S2,S3,E1,E2,E3,Ev,Eq,Sp,Sq,Ep_q
0,0,0,0,0,0,0,0,1.72063788530119e-08,-0,2.58095682795178e-08,0
0.01,4000000,0,0,2e-05,-4e-06,-4e-06,1.2e-05,1.60000092518559e-05,-1333333.33333333,4000000,0
0.02,8000000,0,0,4e-05,-8e-06,-8e-06,2.4e-05,3.20000046259289e-05,-2666666.66666667,8000000,0
0.03,12000000,0,0,6e-05,-1.2e-05,-1.2e-05,3.6e-05,4.80000030839528e-05,-4000000,12000000,0
0.04,16000000,0,0,8e-05,-1.6e-05,-1.6e-05,4.8e-05,6.40000023129646e-05,-5333333.33333334,16000000,0
0.05,20000000,0,0,0.0001,-2e-05,-2e-05,6e-05,8.00000018503717e-05,-6666666.66666667,20000000,0
0.06,24000000,0,0,0.00012,-2.4e-05,-2.4e-05,7.2e-05,9.60000015419764e-05,-8000000,24000000,0
0.07,28000000,0,0,0.00014,-2.8e-05,-2.8e-05,8.4e-05,0.000112000001321694,-9333333.33333334,28000000,0
0.08,32000000,0,0,0.00016,-3.2e-05,-3.2e-05,9.6e-05,0.000128000001156482,-10666666.6666667,32000000,0
0.09,36000000,0,0,0.00018,-3.6e-05,-3.6e-05,0.000108,0.000144000001027984,-12000000,36000000,0
0.1,40000000,0,0,0.0002,-4e-05,-4e-05,0.00012,0.000160000000925186,-13333333.3333333,40000000,0
0.11,44000000,0,0,0.00022,-4.4e-05,-4.4e-05,0.000132,0.000176000000841078,-14666666.6666667,44000000,0
0.12,48000000,0,0,0.00024,-4.8e-05,-4.8e-05,0.000144,0.000192000000770988,-16000000,48000000,0
0.13,52000000,0,0,0.00026,-5.2e-05,-5.2e-05,0.000156,0.000208000000711681,-17333333.3333333,52000000,0
0.14,56000000,0,0,0.00028,-5.6e-05,-5.6e-05,0.000168,0.000224000000660847,-18666666.6666667,56000000,0
0.15,60000000,0,0,0.0003,-6e-05,-6e-05,0.00018,0.000240000000616791,-20000000,60000000,0
0.16,64000000,0,0,0.00032,-6.4e-05,-6.4e-05,0.000192,0.000256000000578241,-21333333.3333333,64000000,0
0.17,68000000,0,0,0.00034,-6.8e-05,-6.8e-05,0.000204,0.000272000000544227,-22666666.6666667,68000000,0
0.18,72000000,0,0,0.00036,-7.2e-05,-7.2e-05,0.000216,0.000288000000513992,-24000000,72000000,0
0.19,76000000,0,0,0.00038,-7.6e-05,-7.6e-05,0.000228,0.00030400000048694,-25333333.3333333,76000000,0
0.2,80000000,0,0,0.0004,-8e-05,-8e-05,0.00024,0.000320000000462593,-26666666.6666667,80000000,0
0.21,84000000,0,0,0.00042,-8.4e-05,-8.4e-05,0.000252,0.000336000000440565,-28000000,84000000,0
0.22,88000000,0,0,0.00044,-8.8e-05,-8.8e-05,0.000264,0.000352000000420539,-29333333.3333333,88000000,0
0.23,92000000,0,0,0.00046,-9.2e-05,-9.2e-05,0.000276,0.000368000000402255,-30666666.6666667,92000000,0
0.24,96000000,0,0,0.00048,-9.6e-05,-9.6e-05,0.000288,0.000384000000385494,-32000000,96000000,0
0.25,100000000,0,0,0.0005,-0.0001,-0.0001,0.0003,0.000400000000370074,-33333333.3333333,100000000,0
0.26,104000000,0,0,0.00052,-0.000104,-0.000104,0.000312,0.000416000000355841,-34666666.6666667,104000000,0
0.27,108000000,0,0,0.00054,-0.000108,-0.000108,0.000324,0.000432000000342661,-36000000,108000000,0
0.28,112000000,0,0,0.00056,-0.000112,-0.000112,0.000336,0.000448000000330424,-37333333.3333333,112000000,0
0.29,116000000,0,0,0.00058,-0.000116,-0.000116,0.000348,0.00046400000031903,-38666666.6666667,116000000,0
0.3,120000000,0,0,0.0006,-0.00012,-0.00012,0.00036,0.000480000000308395,-40000000,120000000,0
0.31,124000000,0,0,0.00062,-0.000124,-0.000124,0.000372,0.000496000000298447,-41333333.3333333,124000000,0
0.32,128000000,0,0,0.00064,-0.000128,-0.000128,0.000384,0.000512000000289121,-42666666.6666667,128000000,0
0.33,132000000,0,0,0.00066,-0.000132,-0.000132,0.000396,0.000528000000280359,-44000000,132000000,0
0.34,136000000,0,0,0.00068,-0.000136,-0.000136,0.000408,0.000544000000272113,-45333333.3333333,136000000,0
0.35,140000000,0,0,0.0007,-0.00014,-0.00014,0.00042,0.000560000000264339,-46666666.6666667,140000000,0
0.36,144000000,0,0,0.00072,-0.000144,-0.000144,0.000432,0.000576000000256996,-48000000,144000000,0
0.37,148000000,0,0,0.00074,-0.000148,-0.000148,0.000444,0.00059200000025005,-49333333.3333333,148000000,0
0.38,152000000,0,0,0.00076,-0.000152,-0.000152,0.000456,0.00060800000024347,-50666666.6666667,152000000,0
0.39,156000000,0,0,0.00078,-0.000156,-0.000156,0.000468,0.000624000000237227,-52000000,156000000,0
0.4,160000000,0,0,0.0008,-0.00016,-0.00016,0.00048,0.000640000000231296,-53333333.3333333,160000000,0
0.41,164000000,0,0,0.00082,-0.000164,-0.000164,0.000492,0.000656000000225655,-54666666.6666667,164000000,0
0.42,168000000,0,0,0.00084,-0.000168,-0.000168,0.000504,0.000672000000220282,-56000000,168000000,0
0.43,172000000,0,0,0.00086,-0.000172,-0.000172,0.000516,0.000688000000215159,-57333333.3333333,172000000,0
0.44,176000000,0,0,0.00088,-0.000176,-0.000176,0.000528,0.000704000000210269,-58666666.6666667,176000000,0
0.45,180000000,0,0,0.0009,-0.00018,-0.00018,0.00054,0.000720000000205597,-60000000,180000000,0
0.46,184000000,0,0,0.00092,-0.000184,-0.000184,0.000552,0.000736000000201127,-61333333.3333333,184000000,0
0.47,188000000,0,0,0.00094,-0.000188,-0.000188,0.000564,0.000752000000196848,-62666666.6666667,188000000,0
0.48,192000000,0,0,0.00096,-0.000192,-0.000192,0.000576,0.000768000000192747,-64000000,192000000,0
0.49,196000000,0,0,0.00098,-0.000196,-0.000196,0.000588,0.000784000000188813,-65333333.3333333,196000000,0
0.5,199986213.058755,-6.68188060624316e-13,-1.07856752780264e-12,0.001,-0.000200020680411868,-0.000200020680411868,0.000599958639176264,0.000800013787126279,-66662071.0195849,199986213.058755,6.89347062267846e-08
0.51,200281847.668503,1.70215240236118e-10,8.39400443481234e-11,0.00102,-0.000209577228497246,-0.000209577228497246,0.000600845543005509,0.000819718152512083,-66760615.889501,200281847.668503,1.85907616574854e-05
0.52,200480604.16333,2.47782353856713e-10,8.41169429571623e-11,0.00104,-0.000219279093755005,-0.000219279093755005,0.000601441812489989,0.000839519396012997,-66826868.0544432,200480604.16333,3.75969791833517e-05
0.53,200672491.55222,5.95628901895281e-10,3.62803763881457e-10,0.00106,-0.00022899126267167,-0.00022899126267167,0.000602017474656659,0.000859327508620043,-66890830.5174066,200672491.55222,5.66375422389017e-05
0.54,200863904.082673,9.51945635195228e-10,6.47774131800333e-10,0.00108,-0.000238704143875991,-0.000238704143875991,0.000602591712248018,0.000879136096085708,-66954634.6942242,200863904.082673,7.56804795866364e-05
0.55,201055316.613126,1.30826236849518e-09,9.32744499719209e-10,0.0011,-0.000248417025080311,-0.000248417025080311,0.000603165949839378,0.000898944683551545,-67018438.8710419,201055316.613126,9.47234169343711e-05
0.56,201246729.143579,1.66457910179512e-09,1.21771486763809e-09,0.00112,-0.000258129906284632,-0.000258129906284632,0.000603740187430737,0.000918753271017541,-67082243.0478596,201246729.143579,0.000113766354282106
0.57,201438141.674032,2.02089583509507e-09,1.50268523555696e-09,0.00114,-0.000267842787488952,-0.000267842787488952,0.000604314425022096,0.000938561858483688,-67146047.2246773,201438141.674032,0.00013280929162984
0.58,201629554.204485,2.37721256839501e-09,1.78765560347584e-09,0.00116,-0.000277555668693272,-0.000277555668693272,0.000604888662613455,0.000958370445949975,-67209851.401495,201629554.204485,0.000151852228977575
0.59,201820193.839265,2.21079555669292e-09,1.59280417849284e-09,0.00118,-0.000287269709241103,-0.000287269709241103,0.000605460581517795,0.000978179806312067,-67273397.9464216,201820193.839265,0.000170899030803676
0.6,202010816.2094,2.03270192063869e-09,1.38723467975766e-09,0.0012,-0.0002969837756859,-0.0002969837756859,0.0006060324486282,0.000997989183938928,-67336938.7364666,202010816.2094,0.000189945918953001
0.61,202201438.579535,1.85460828458445e-09,1.18166518102249e-09,0.00122,-0.000306697842130697,-0.000306697842130697,0.000606604315738605,0.00101779856156591,-67400479.5265116,202201438.579535,0.000208992807102326
0.62,202392060.94967,1.67651464853022e-09,9.76095682287313e-10,0.00124,-0.000316411908575495,-0.000316411908575495,0.00060717618284901,0.00103760793919299,-67464020.3165566,202392060.94967,0.00022803969525165
0.63,202582683.319805,1.49842101247599e-09,7.70526183552138e-10,0.00126,-0.000326125975020292,-0.000326125975020292,0.000607748049959415,0.00105741731682019,-67527561.1066016,202582683.319805,0.000247086583400975
0.64,202773299.506923,1.34382823297296e-09,5.85899135440386e-10,0.00128,-0.000335840050739615,-0.000335840050739615,0.00060831989852077,0.00107722670063049,-67591099.8356411,202773299.506923,0.000266133502465383
0.65,202963798.518696,1.63460397807291e-09,7.98155848369553e-10,0.0013,-0.000345554302221955,-0.000345554302221955,0.00060889139555609,0.00109703620161624,-67654599.5062322,202963798.518696,0.000285181007406517
0.66,203154297.53047,1.92537972317287e-09,1.01041256129872e-09,0.00132,-0.000355268553704295,-0.000355268553704295,0.000609462892591409,0.00111684570260207,-67718099.1768232,203154297.53047,0.000304228512347652
0.67,203344796.542243,2.21615546827282e-09,1.22266927422789e-09,0.00134,-0.000364982805186636,-0.000364982805186636,0.000610034389626728,0.00113665520358799,-67781598.8474142,203344796.542243,0.000323276017288786
0.68,203535295.554016,2.50693121337278e-09,1.43492598715705e-09,0.00136,-0.000374697056668976,-0.000374697056668976,0.000610605886662048,0.00115646470457399,-67845098.5180053,203535295.554016,0.00034232352222992
0.69,203725794.565789,2.79770695847273e-09,1.64718270008622e-09,0.00138,-0.000384411308151316,-0.000384411308151316,0.000611177383697367,0.00117627420556006,-67908598.1885963,203725794.565789,0.000361371027171055
0.7,203916292.767301,3.07408948606441e-09,1.86849188005644e-09,0.0014,-0.000394125560849048,-0.000394125560849048,0.000611748878301904,0.00119608370735646,-67972097.5891005,203916292.767301,0.000380418536163493
0.71,204106785.142724,3.24697919502829e-09,2.15489181051907e-09,0.00142,-0.000403839822285913,-0.000403839822285913,0.000612320355428173,0.00121589321497902,-68035595.0475748,204106785.142724,0.000399466074286378
0.72,204297277.518147,3.41986890399217e-09,2.44129174098171e-09,0.00144,-0.000413554083722779,-0.000413554083722779,0.000612891832554442,0.00123570272260165,-68099092.5060491,204297277.518147,0.000418513612409263
0.73,204487769.89357,3.59275861295606e-09,2.72769167144434e-09,0.00146,-0.000423268345159644,-0.000423268345159644,0.000613463309680711,0.00125551223022433,-68162589.9645234,204487769.89357,0.000437561150532148
0.74,204678262.268993,3.76564832191994e-09,3.01409160190697e-09,0.00148,-0.00043298260659651,-0.00043298260659651,0.00061403478680698,0.00127532173784708,-68226087.4229978,204678262.268993,0.000456608688655033
0.75,204868754.644416,3.93853803088382e-09,3.30049153236961e-09,0.0015,-0.000442696868033375,-0.000442696868033375,0.000614606263933249,0.00129513124546988,-68289584.8814721,204868754.644416,0.000475656226777918
0.76,205059247.019839,4.1114277398477e-09,3.58689146283224e-09,0.00152,-0.000452411129470241,-0.000452411129470241,0.000615177741059518,0.00131494075309274,-68353082.3399464,205059247.019839,0.000494703764900804
0.77,205249739.395262,4.28431744881159e-09,3.87329139329488e-09,0.00154,-0.000462125390907106,-0.000462125390907106,0.000615749218185787,0.00133475026071564,-68416579.7984207,205249739.395262,0.000513751303023689
0.78,205440231.770685,4.45720715777547e-09,4.15969132375751e-09,0.00156,-0.000471839652343972,-0.000471839652343972,0.000616320695312056,0.0013545597683386,-68480077.2568951,205440231.770685,0.000532798841146574
0.79,205630724.146108,4.63009686673935e-09,4.44609125422014e-09,0.00158,-0.000481553913780838,-0.000481553913780838,0.000616892172438325,0.0013743692759616,-68543574.7153694,205630724.146108,0.000551846379269459
0.8,205821216.203975,4.79316470604561e-09,4.703480328705e-09,0.0016,-0.000491268175694037,-0.000491268175694037,0.000617463648611927,0.0013941787839022,-68607072.0679918,205821216.203975,0.000570893918980123
0.81,206011705.978494,4.88560949150872e-09,4.75227009214497e-09,0.00162,-0.000500982441032259,-0.00050098244103226,0.000618035117935481,0.0014139882941262,-68670568.6594979,206011705.978494,0.000589941470107532
0.82,206202195.753012,4.97805427697183e-09,4.80105985558495e-09,0.00164,-0.000510696706370482,-0.000510696706370482,0.000618606587259036,0.00143379780435023,-68734065.2510039,206202195.753012,0.000608989021234941
0.83,206392685.52753,5.07049906243494e-09,4.84984961902492e-09,0.00166,-0.000520410971708705,-0.000520410971708705,0.00061917805658259,0.00145360731457431,-68797561.84251,206392685.52753,0.00062803657236235
0.84,206583175.302048,5.16294384789805e-09,4.8986393824649e-09,0.00168,-0.000530125237046928,-0.000530125237046928,0.000619749525906145,0.00147341682479842,-68861058.434016,206583175.302048,0.000647084123489759
0.85,206773665.076566,5.25538863336116e-09,4.94742914590487e-09,0.0017,-0.00053983950238515,-0.00053983950238515,0.000620320995229699,0.00149322633502257,-68924555.0255221,206773665.076566,0.000666131674617168
0.86,206964154.851084,5.34783341882427e-09,4.99621890934485e-09,0.00172,-0.000549553767723373,-0.000549553767723373,0.000620892464553254,0.00151303584524675,-68988051.6170282,206964154.851084,0.000685179225744577
0.87,207154644.625603,5.44027820428738e-09,5.04500867278482e-09,0.00174,-0.000559268033061596,-0.000559268033061596,0.000621463933876809,0.00153284535547097,-69051548.2085342,207154644.625603,0.000704226776871987
0.88,207345134.400121,5.53272298975049e-09,5.0937984362248e-09,0.00176,-0.000568982298399819,-0.000568982298399819,0.000622035403200363,0.00155265486569522,-69115044.8000403,207345134.400121,0.000723274327999396
0.89,207535624.174639,5.6251677752136e-09,5.14258819966477e-09,0.00178,-0.000578696563738041,-0.000578696563738041,0.000622606872523917,0.0015724643759195,-69178541.3915463,207535624.174639,0.000742321879126805
0.9,207726113.47109,5.72433401376383e-09,5.2179374742397e-09,0.0018,-0.000588410829793365,-0.000588410829793365,0.00062317834041327,0.00159227388662188,-69242037.8236967,207726113.47109,0.00076136943264455
0.91,207916599.330052,5.87183010801596e-09,5.48425993928803e-09,0.00182,-0.000598125101004921,-0.000598125101004921,0.000623749797990158,0.00161208340076177,-69305533.1100175,207916599.330052,0.000780417003349738
0.92,208107085.189015,6.01932620226808e-09,5.75058240433636e-09,0.00184,-0.000607839372216477,-0.000607839372216477,0.000624321255567045,0.0016318929149017,-69369028.3963383,208107085.189015,0.000799464574054926
0.93,208297571.047977,6.16682229652021e-09,6.01690486938469e-09,0.00186,-0.000617553643428034,-0.000617553643428034,0.000624892713143933,0.00165170242904164,-69432523.6826591,208297571.047977,0.000818512144760113
0.94,208488056.90694,6.31431839077233e-09,6.28322733443302e-09,0.00188,-0.00062726791463959,-0.00062726791463959,0.00062546417072082,0.00167151194318162,-69496018.9689799,208488056.90694,0.000837559715465301
0.95,208678542.765902,6.46181448502446e-09,6.54954979948135e-09,0.0019,-0.000636982185851146,-0.000636982185851146,0.000626035628297708,0.00169132145732162,-69559514.2553007,208678542.765902,0.000856607286170489
0.96,208869028.624865,6.60931057927658e-09,6.81587226452968e-09,0.00192,-0.000646696457062703,-0.000646696457062703,0.000626607085874595,0.00171113097146164,-69623009.5416216,208869028.624865,0.000875654856875676
0.97,209059514.483827,6.75680667352871e-09,7.08219472957801e-09,0.00194,-0.000656410728274259,-0.000656410728274259,0.000627178543451482,0.00173094048560169,-69686504.8279424,209059514.483827,0.000894702427580864
0.98,209250000.34279,6.90430276778083e-09,7.34851719462634e-09,0.00196,-0.000666124999485815,-0.000666124999485815,0.000627750001028369,0.00175074999974176,-69750000.1142632,209250000.34279,0.000913749998286052
0.99,209440486.201752,7.05179886203296e-09,7.61483965967467e-09,0.00198,-0.000675839270697372,-0.000675839270697372,0.000628321458605257,0.00177055951388185,-69813495.400584,209440486.201752,0.00093279756899124
1,209630972.060715,7.19929495628508e-09,7.88116212472301e-09,0.002,-0.000685553541908928,-0.000685553541908928,0.000628892916182144,0.00179036902802197,-69876990.6869048,209630972.060715,0.000951845139696427
1.02,201630972.060715,7.19929495628508e-09,7.88116212472301e-09,0.00196,-0.000677194304179506,-0.000677194304179506,0.000605611391640987,0.00175812953620387,-67210324.0202382,201630972.060715,0.000951845139696427
1.04,193630972.060715,7.19929495628508e-09,7.88116212472301e-09,0.00192,-0.000669188857128196,-0.000669188857128196,0.000581622285743608,0.00172612590483789,-64543657.3535715,193630972.060715,0.000951845139696427
1.06,185630972.060715,7.19929495628508e-09,7.88116212472301e-09,0.00188,-0.000661187797242973,-0.000661187797242973,0.000557624405514055,0.00169412519824936,-61876990.6869048,185630972.060715,0.000951845139696427
1.08,177630972.060715,7.19929495628508e-09,7.88116212472301e-09,0.00184,-0.000653187609748758,-0.000653187609748758,0.000533624780502485,0.0016621250732549,-59210324.0202382,177630972.060715,0.000951845139696427
1.1,169630972.060715,7.19929495628508e-09,7.88116212472301e-09,0.0018,-0.000645187544331696,-0.000645187544331696,0.000509624911336608,0.00163012502964527,-56543657.3535715,169630972.060715,0.000951845139696427
1.12,161630972.060715,7.19929495628508e-09,7.88116212472301e-09,0.00176,-0.000637187518499246,-0.000637187518499246,0.000485624963001508,0.00159812501242546,-53876990.6869048,161630972.060715,0.000951845139696427
1.14,153630972.060715,7.19929495628508e-09,7.88116212472301e-09,0.00172,-0.000629187492666796,-0.000629187492666796,0.000461625014666407,0.00156612499520572,-51210324.0202382,153630972.060715,0.000951845139696427
1.16,145630972.060715,7.19929495628508e-09,7.88116212472301e-09,0.00168,-0.000621187466834347,-0.000621187466834347,0.000437625066331307,0.00153412497798606,-48543657.3535715,145630972.060715,0.000951845139696427
1.18,137630972.060715,7.19929495628508e-09,7.88116212472301e-09,0.00164,-0.000613187441001897,-0.000613187441001897,0.000413625117996206,0.00150212496076648,-45876990.6869049,137630972.060715,0.000951845139696427
1.2,129630972.060715,7.19929495628508e-09,7.88116212472301e-09,0.0016,-0.000605187415169447,-0.000605187415169447,0.000389625169661106,0.00147012494354699,-43210324.0202382,129630972.060715,0.000951845139696427
1.22,121630972.060715,7.19929495628508e-09,7.88116212472301e-09,0.00156,-0.000597187389336997,-0.000597187389336997,0.000365625221326006,0.0014381249263276,-40543657.3535715,121630972.060715,0.000951845139696427
1.24,113630972.060715,7.19929495628508e-09,7.88116212472301e-09,0.00152,-0.000589187363504548,-0.000589187363504548,0.000341625272990905,0.00140612490910831,-37876990.6869049,113630972.060715,0.000951845139696427
1.26,105630972.060715,7.19929495628508e-09,7.88116212472301e-09,0.00148,-0.000581187337672098,-0.000581187337672098,0.000317625324655805,0.00137412489188913,-35210324.0202382,105630972.060715,0.000951845139696427
1.28,97630972.0607145,7.19929495628508e-09,7.88116212472301e-09,0.00144,-0.000573187311839648,-0.000573187311839648,0.000293625376320704,0.00134212487467006,-32543657.3535715,97630972.0607145,0.000951845139696427
1.3,89630972.0607145,7.19929495628508e-09,7.88116212472301e-09,0.0014,-0.000565187301626858,-0.000565187301626858,0.000269625396746285,0.00131012486786423,-29876990.6869049,89630972.0607145,0.000951845139696427
1.32,81630972.0607145,7.19929495628508e-09,7.88116212472301e-09,0.00136,-0.000557187297593944,-0.000557187297593944,0.000245625404812113,0.00127812486517845,-27210324.0202382,81630972.0607145,0.000951845139696427
1.34,73630972.0607145,7.19929495628508e-09,7.88116212472301e-09,0.00132,-0.000549187293561029,-0.000549187293561029,0.000221625412877941,0.00124612486249281,-24543657.3535715,73630972.0607145,0.000951845139696427
1.36,65630972.0607146,7.19929495628508e-09,7.88116212472301e-09,0.00128,-0.000541187289528116,-0.000541187289528116,0.00019762542094377,0.00121412485980733,-21876990.6869049,65630972.0607146,0.000951845139696427
1.38,57630972.0607146,7.19929495628508e-09,7.88116212472301e-09,0.00124,-0.000533187285495201,-0.000533187285495201,0.000173625429009598,0.00118212485712202,-19210324.0202382,57630972.0607146,0.000951845139696427
1.4,49630972.0607146,7.19929495628508e-09,7.88116212472301e-09,0.0012,-0.000525187281462287,-0.000525187281462287,0.000149625437075426,0.0011501248544369,-16543657.3535715,49630972.0607146,0.000951845139696427
1.42,41630972.0607146,7.19929495628508e-09,7.88116212472301e-09,0.00116,-0.000517187277429373,-0.000517187277429373,0.000125625445141254,0.00111812485175197,-13876990.6869049,41630972.0607146,0.000951845139696427
1.44,33630972.0607146,7.19929495628508e-09,7.88116212472301e-09,0.00112,-0.000509187273396459,-0.000509187273396459,0.000101625453207082,0.00108612484906726,-11210324.0202382,33630972.0607146,0.000951845139696427
1.46,25630972.0607145,7.19929495628508e-09,7.88116212472301e-09,0.00108,-0.000501187269363545,-0.000501187269363545,7.76254612729103e-05,0.00105412484638279,-8543657.35357152,25630972.0607145,0.000951845139696427
1.48,17630972.0607145,7.19929495628508e-09,7.88116212472301e-09,0.00104,-0.000493187265330631,-0.000493187265330631,5.36254693387387e-05,0.00102212484369858,-5876990.68690485,17630972.0607145,0.000951845139696427
1.5,9630972.06071453,7.19929495628508e-09,7.88116212472301e-09,0.001,-0.000485187263736229,-0.000485187263736229,2.96254725275422e-05,0.000990124842640326,-3210324.02023818,9630972.06071452,0.000951845139696427
1.52,1630972.06071451,7.19929495628508e-09,7.88116212472301e-09,0.00096,-0.000477187263106618,-0.000477187263106618,5.62547378676437e-06,0.000958124842225578,-543657.353571509,1630972.06071451,0.000951845139696427
1.54,-6369027.9392855,7.19929495628508e-09,7.88116212472301e-09,0.00092,-0.000469187262477007,-0.000469187262477007,-1.83745249540135e-05,0.000926124841811176,2123009.31309516,6369027.93928551,0.000951845139696427
1.56,-14369027.9392855,7.19929495628508e-09,7.88116212472301e-09,0.00088,-0.000461187261847396,-0.000461187261847396,-4.23745236947915e-05,0.000894124841397156,4789675.97976183,14369027.9392855,0.000951845139696427
1.58,-22369027.9392855,7.19929495628508e-09,7.88116212472301e-09,0.00084,-0.000453187261217785,-0.000453187261217785,-6.63745224355694e-05,0.00086212484098356,7456342.6464285,22369027.9392855,0.000951845139696427
1.6,-30369027.9392855,7.19929495628508e-09,7.88116212472301e-09,0.0008,-0.000445187260588174,-0.000445187260588174,-9.03745211763472e-05,0.000830124840570438,10123009.3130952,30369027.9392855,0.000951845139696427
1.62,-38369027.9392855,7.19929495628508e-09,7.88116212472301e-09,0.00076,-0.000437187259958563,-0.000437187259958563,-0.000114374519917125,0.000798124840157847,12789675.9797618,38369027.9392856,0.000951845139696427
1.64,-46369027.9392855,7.19929495628508e-09,7.88116212472301e-09,0.00072,-0.000429187259328952,-0.000429187259328952,-0.000138374518657903,0.000766124839745853,15456342.6464285,46369027.9392856,0.000951845139696427
1.66,-54369027.9392856,7.19929495628508e-09,7.88116212472301e-09,0.00068,-0.00042118725869934,-0.00042118725869934,-0.000162374517398681,0.000734124839334535,18123009.3130952,54369027.9392856,0.000951845139696427
1.68,-62369027.9392856,7.19929495628508e-09,7.88116212472301e-09,0.00064,-0.000413187258069729,-0.000413187258069729,-0.000186374516139459,0.000702124838923984,20789675.9797619,62369027.9392856,0.000951845139696427
1.7,-70369027.9392855,7.19929495628508e-09,7.88116212472301e-09,0.0006,-0.000405187257820814,-0.000405187257820814,-0.000210374515641629,0.000670124838768109,23456342.6464285,70369027.9392855,0.000951845139696427
1.72,-78369027.9392855,7.19929495628508e-09,7.88116212472301e-09,0.00056,-0.000397187257722521,-0.000397187257722521,-0.000234374515445041,0.000638124838713657,26123009.3130952,78369027.9392855,0.000951845139696427
1.74,-86369027.9392855,7.19929495628508e-09,7.88116212472301e-09,0.00052,-0.000389187257624227,-0.000389187257624227,-0.000258374515248454,0.000606124838660375,28789675.9797618,86369027.9392855,0.000951845139696427
1.76,-94369027.9392855,7.19929495628508e-09,7.88116212472301e-09,0.00048,-0.000381187257525933,-0.000381187257525933,-0.000282374515051866,0.000574124838608458,31456342.6464285,94369027.9392855,0.000951845139696427
1.78,-102369027.939286,7.19929495628508e-09,7.88116212472301e-09,0.00044,-0.00037318725742764,-0.00037318725742764,-0.000306374514855279,0.000542124838558148,34123009.3130952,102369027.939286,0.000951845139696427
1.8,-110369027.939286,7.19929495628508e-09,7.88116212472301e-09,0.0004,-0.000365187257329346,-0.000365187257329346,-0.000330374514658692,0.000510124838509747,36789675.9797618,110369027.939286,0.000951845139696427
1.82,-118369027.939285,7.19929495628508e-09,7.88116212472301e-09,0.00036,-0.000357187257231052,-0.000357187257231052,-0.000354374514462104,0.00047812483846364,39456342.6464285,118369027.939285,0.000951845139696427
1.84,-126369027.939285,7.19929495628508e-09,7.88116212472301e-09,0.00032,-0.000349187257132758,-0.000349187257132758,-0.000378374514265517,0.000446124838420318,42123009.3130952,126369027.939285,0.000951845139696427
1.86,-134369027.939285,7.19929495628508e-09,7.88116212472301e-09,0.00028,-0.000341187257034465,-0.000341187257034465,-0.000402374514068929,0.000414124838380429,44789675.9797618,134369027.939285,0.000951845139696427
1.88,-142369027.939285,7.19929495628508e-09,7.88116212472301e-09,0.00024,-0.000333187256936171,-0.000333187256936171,-0.000426374513872342,0.000382124838344833,47456342.6464285,142369027.939285,0.000951845139696427
1.9,-150369027.939285,7.19929495628508e-09,7.88116212472301e-09,0.0002,-0.000325187256897311,-0.000325187256897311,-0.000450374513794621,0.000350124838354332,50123009.3130952,150369027.939286,0.000951845139696427
1.92,-158369027.939285,7.19929495628508e-09,7.88116212472301e-09,0.00016,-0.000317187256881965,-0.000317187256881965,-0.000474374513763931,0.00031812483838663,52789675.9797618,158369027.939285,0.000951845139696427
1.94,-166369027.939285,7.19929495628508e-09,7.88116212472301e-09,0.00012,-0.00030918725686662,-0.00030918725686662,-0.00049837451373324,0.000286124838428441,55456342.6464285,166369027.939285,0.000951845139696427
1.96,-174369027.939285,7.19929495628508e-09,7.88116212472301e-09,8.00000000000003e-05,-0.000301187256860553,-0.000301187256860553,-0.000522374513721106,0.000254124838489544,58123009.3130952,174369027.939286,0.000951845139696427
1.98,-182369027.939285,7.19929495628508e-09,7.88116212472301e-09,4.00000000000003e-05,-0.000293187256858158,-0.000293187256858158,-0.000546374513716315,0.000222124838571864,60789675.9797618,182369027.939285,0.000951845139696427
2,-190369027.939285,7.19929495628508e-09,7.88116212472301e-09,2.76132740804902e-19,-0.000285187256855762,-0.000285187256855762,-0.000570374513711523,0.000190124838682434,63456342.6464285,190369027.939285,0.000951845139696427
2.02,-198369027.939286,7.19929495628508e-09,7.88116212472301e-09,-4.00000000000001e-05,-0.000277187256854815,-0.000277187256854815,-0.000594374513709629,0.000158124838839367,66123009.3130952,198369027.939286,0.000951845139696427
2.04,-206369027.939286,7.19929495628508e-09,7.88116212472301e-09,-8.00000000000006e-05,-0.000269187256854698,-0.000269187256854698,-0.000618374513709397,0.000126124839076808,68789675.9797619,206369027.939286,0.000951845139696427
2.06,-209834070.194029,7.08404497990698e-09,7.76806037752853e-09,-0.00012,-0.000254384820236807,-0.000254384820236807,-0.000628769640473613,8.95898818101752e-05,69944690.0646764,209834070.194029,0.000974519928422709
2.08,-210219800.472096,6.66494745079499e-09,7.43183534320322e-09,-0.000160000000000001,-0.000234963415653906,-0.000234963415653906,-0.000629926831307812,4.99756133979763e-05,70073266.8240319,210219800.472096,0.00101259127703238
2.1,-210601830.528773,6.02207597871892e-09,6.91667617342306e-09,-0.000200000000000001,-0.000215536460738922,-0.000215536460738922,-0.000631072921477846,1.03576547844444e-05,70200610.1762578,210601830.528773,0.00105068112674899
2.12,-210983860.585451,5.37920450664285e-09,6.4015170036429e-09,-0.000240000000000001,-0.000196109505823939,-0.000196109505823939,-0.000632219011647879,2.92603345097662e-05,70327953.5284837,210983860.585451,0.0010887709764656
2.14,-211365890.642129,4.7363330345668e-09,5.88635783386276e-09,-0.00028,-0.000176682550908956,-0.000176682550908956,-0.000633365101817912,6.88783015431779e-05,70455296.8807097,211365890.642129,0.00112686082618221
2.16,-211747880.845485,4.13199963891718e-09,5.41750862711503e-09,-0.000320000000000001,-0.00015725553621399,-0.00015725553621399,-0.00063451107242798,0.00010849631055505,70582626.948495,211747880.845485,0.00116495087516543
2.18,-212129528.844049,3.85857753904476e-09,5.34630484783695e-09,-0.00036,-0.000137828008211836,-0.000137828008211836,-0.000635656016423672,0.000148114662191536,70709842.9480163,212129528.844049,0.00120304263517261
2.2,-212511176.842613,3.58515543917234e-09,5.27510106855887e-09,-0.000400000000000001,-0.000118400480209681,-0.000118400480209681,-0.000636800960419363,0.000187733013982058,70837058.9475376,212511176.842613,0.00124113439517979
2.22,-212892824.841177,3.31173333929992e-09,5.20389728928079e-09,-0.00044,-9.89729522075278e-05,-9.89729522075278e-05,-0.000637945904415055,0.000227351365846087,70964274.9470589,212892824.841177,0.00127922615518697
2.24,-213274472.839741,3.0383112394275e-09,5.13269351000271e-09,-0.000480000000000001,-7.95454242053732e-05,-7.95454242053732e-05,-0.000639090848410747,0.0002669697177509,71091490.9465802,213274472.839741,0.00131731791519415
2.26,-213655875.935716,2.43185788991004e-09,4.61239166239551e-09,-0.00052,-6.01175288493364e-05,-6.01175288493364e-05,-0.000640235057698673,0.000306588314583271,71218625.3119053,213655875.935716,0.00135541089971428
2.28,-214037277.323591,1.82308177766265e-09,4.08895753138758e-09,-0.000560000000000001,-4.06896309311491e-05,-4.06896309311491e-05,-0.000641379261862299,0.000346206913140144,71345759.1078638,214037277.323591,0.0013935038927749
2.3,-214418678.711467,1.2143056654153e-09,3.56552340037967e-09,-0.0006,-2.12617330129627e-05,-2.12617330129627e-05,-0.000642523466025925,0.000385825511708362,71472892.9038222,214418678.711467,0.00143159688583552
2.32,-214800080.099342,6.05529553167911e-10,3.04208926937174e-09,-0.000640000000000001,-1.83383509477539e-06,-1.83383509477539e-06,-0.000643667670189551,0.000425444110284758,71600026.6997807,214800080.099342,0.00146968987889615
2.34,-215181345.723576,-4.31541926727873e-11,2.46478640674383e-09,-0.00068,1.75942664688727e-05,1.75942664688727e-05,-0.000644811467062254,0.000465062844630882,71727115.2411921,215181345.723576,0.00150778355077497
2.36,-215562593.155655,-6.97185510893293e-10,1.88026520227483e-09,-0.000720000000000001,3.70223953207556e-05,3.70223953207556e-05,-0.000645955209358489,0.000504681597173817,71854197.7185516,215562593.155655,0.00154587731361458
2.38,-215943840.587733,-1.35121682911377e-09,1.29574399780586e-09,-0.00076,5.64505241726378e-05,5.64505241726378e-05,-0.000647098951654724,0.000544300349720388,71981280.195911,215943840.587733,0.00158397107645419
2.4,-216325088.019811,-2.00524814733426e-09,7.11222793336875e-10,-0.0008,7.58786530245203e-05,7.58786530245203e-05,-0.000648242693950959,0.000583919102269857,72108362.6732704,216325088.019811,0.0016220648392938
2.42,-216706335.45189,-2.65927946555475e-09,1.26701588867891e-10,-0.00084,9.53067818764029e-05,9.53067818764029e-05,-0.000649386436247194,0.000623537854821671,72235445.1506299,216706335.45189,0.00166015860213341
2.44,-217087582.883968,-3.31331078377524e-09,-4.57819615601094e-10,-0.00088,0.000114734910728285,0.000114734910728285,-0.000650530178543429,0.00066315660737541,72362527.6279893,217087582.883968,0.00169825236497302
2.46,-217468830.316046,-3.96734210199573e-09,-1.04234082007008e-09,-0.00092,0.000134163039580168,0.000134163039580168,-0.000651673920839664,0.000702775359930748,72489610.1053488,217468830.316046,0.00173634612781262
2.48,-217850077.748125,-4.62137342021623e-09,-1.62686202453906e-09,-0.00096,0.00015359116843205,0.00015359116843205,-0.000652817663135899,0.000742394112487429,72616692.5827082,217850077.748125,0.00177443989065223
2.5,-218231325.180203,-5.27540473843672e-09,-2.21138322900805e-09,-0.001,0.000173019297283933,0.000173019297283933,-0.000653961405432134,0.000782012865045248,72743775.0600676,218231325.180203,0.00181253365349184
2.52,-218612572.612281,-5.92943605665721e-09,-2.79590443347703e-09,-0.00104,0.000192447426135816,0.000192447426135816,-0.000655105147728369,0.000821631617604042,72870857.5374271,218612572.612281,0.00185062741633145
2.54,-218993769.656117,-5.85193158981768e-09,-2.92239366356203e-09,-0.00108,0.000211875630570062,0.000211875630570062,-0.000656248738859875,0.000861250420551919,72997923.2187055,218993769.656117,0.00188872143111227
2.56,-219374959.947991,-5.67640225387993e-09,-2.98750718893273e-09,-0.00112,0.00023130384513225,0.00023130384513225,-0.000657392309735499,0.000900869230252485,73124986.6493304,219374959.947991,0.0019268154796529
2.58,-219756150.239866,-5.50087291794218e-09,-3.05262071430343e-09,-0.00116,0.000250732059694439,0.000250732059694439,-0.000658535880611123,0.000940488039953689,73252050.0799553,219756150.239866,0.00196490952819353
2.6,-220137340.53174,-5.32534358200444e-09,-3.11773423967413e-09,-0.0012,0.000270160274256626,0.000270160274256626,-0.000659679451486747,0.000980106849655452,73379113.5105802,220137340.53174,0.00200300357673415
2.62,-220518530.823615,-5.14981424606669e-09,-3.18284776504483e-09,-0.00124,0.000289588488818815,0.000289588488818815,-0.00066082302236237,0.00101972565935771,73506176.941205,220518530.823615,0.00204109762527478
2.64,-220899721.11549,-4.97428491012895e-09,-3.24796129041553e-09,-0.00128,0.000309016703381002,0.000309016703381002,-0.000661966593237994,0.0010593444690604,73633240.3718299,220899721.11549,0.0020791916738154
2.66,-221280911.407364,-4.7987555741912e-09,-3.31307481578623e-09,-0.00132,0.000328444917943191,0.000328444917943191,-0.000663110164113619,0.00109896327876349,73760303.8024548,221280911.407364,0.00211728572235603
2.68,-221662101.699239,-4.62322623825346e-09,-3.37818834115693e-09,-0.00136,0.000347873132505378,0.000347873132505378,-0.000664253734989243,0.00113858208846693,73887367.2330797,221662101.699239,0.00215537977089666
2.7,-222043291.991114,-4.44769690231571e-09,-3.44330186652763e-09,-0.0014,0.000367301347067567,0.000367301347067567,-0.000665397305864867,0.00117820089817068,74014430.6637046,222043291.991114,0.00219347381943729
2.72,-222424482.282988,-4.27216756637797e-09,-3.50841539189833e-09,-0.00144,0.000386729561629754,0.000386729561629754,-0.000666540876740491,0.00121781970787472,74141494.0943295,222424482.282988,0.00223156786797791
2.74,-222805631.94491,-4.46617283192334e-09,-3.98954511213883e-09,-0.00148,0.000406157837136872,0.000406157837136872,-0.000667684325726256,0.00125743855820897,74268543.9816367,222805631.94491,0.0022696621196683
2.76,-223186776.16247,-4.70969526624901e-09,-4.52642047582929e-09,-0.00152,0.000425586120810532,0.000425586120810532,-0.000668827758378935,0.00129705741398781,74395592.0541566,223186776.16247,0.00230775639858051
2.78,-223567920.380029,-4.95321770057469e-09,-5.06329583951978e-09,-0.00156,0.000445014404484193,0.000445014404484193,-0.000669971191031613,0.00133667626976687,74522640.1266764,223567920.380029,0.00234585067749271
2.8,-223949064.597589,-5.19674013490036e-09,-5.60017120321024e-09,-0.0016,0.000464442688157854,0.000464442688157854,-0.000671114623684291,0.00137629512554612,74649688.1991963,223949064.597589,0.00238394495640491
2.82,-224330208.815148,-5.44026256922605e-09,-6.13704656690073e-09,-0.00164,0.000483870971831515,0.000483870971831515,-0.00067225805633697,0.00141591398132556,74776736.2717161,224330208.815148,0.00242203923531711
2.84,-224711353.032708,-5.68378500355172e-09,-6.67392193059119e-09,-0.00168,0.000503299255505175,0.000503299255505175,-0.000673401488989649,0.00145553283710515,74903784.344236,224711353.032708,0.00246013351422931
2.86,-225092497.250267,-5.9273074378774e-09,-7.21079729428168e-09,-0.00172,0.000522727539178836,0.000522727539178836,-0.000674544921642327,0.0014951516928849,75030832.4167558,225092497.250267,0.00249822779314152
2.88,-225473641.467827,-6.17082987220307e-09,-7.74767265797214e-09,-0.00176,0.000542155822852496,0.000542155822852496,-0.000675688354295006,0.00153477054866478,75157880.4892756,225473641.467827,0.00253632207205372
2.9,-225854785.685386,-6.41435230652874e-09,-8.28454802166261e-09,-0.0018,0.000561584106526157,0.000561584106526157,-0.000676831786947685,0.00157438940444479,75284928.5617955,225854785.685386,0.00257441635096592
2.92,-226235929.902946,-6.65787474085442e-09,-8.82142338535309e-09,-0.00184,0.000581012390199818,0.000581012390199818,-0.000677975219600363,0.00161400826022493,75411976.6343153,226235929.902946,0.00261251062987812
2.94,-226616977.070828,-7.21423985508689e-09,-9.40231080151122e-09,-0.00188,0.000600440819447995,0.000600440819447995,-0.000679118361104009,0.00165362721305485,75538992.3569427,226616977.070828,0.00265060539403871
2.96,-226998011.234176,-7.81252549237851e-09,-9.98909577698223e-09,-0.00192,0.000619869268202972,0.000619869268202972,-0.000680261463594054,0.0016932461788894,75666003.7447254,226998011.234176,0.00268870022322197
2.98,-227379045.397524,-8.41081112967014e-09,-1.05758807524532e-08,-0.00196,0.00063929771695795,0.00063929771695795,-0.000681404566084098,0.00173286514472406,75793015.1325081,227379045.397524,0.00272679505240523
3,-227760079.560872,-9.00909676696176e-09,-1.11626657279242e-08,-0.002,0.000658726165712928,0.000658726165712928,-0.000682547668574142,0.0017724841105588,75920026.5202908,227760079.560872,0.00276488988158849
3.02,-219760079.560872,-9.00909676696176e-09,-1.11626657279242e-08,-0.00196,0.000650366927983507,0.000650366927983507,-0.000659266144032985,0.00174024461874073,73253359.8536241,219760079.560872,0.00276488988158849
3.04,-211760079.560872,-9.00909676696176e-09,-1.11626657279242e-08,-0.00192,0.000642361480932196,0.000642361480932196,-0.000635277038135606,0.00170824098737479,70586693.1869574,211760079.560872,0.00276488988158849
3.06,-203760079.560872,-9.00909676696176e-09,-1.11626657279242e-08,-0.00188,0.000634360421046973,0.000634360421046973,-0.000611279157906053,0.00167624028078629,67920026.5202908,203760079.560872,0.00276488988158849
3.08,-195760079.560872,-9.00909676696176e-09,-1.11626657279242e-08,-0.00184,0.000626360233552758,0.000626360233552758,-0.000587279532894483,0.00164424015579187,65253359.8536241,195760079.560872,0.00276488988158849
3.1,-187760079.560872,-9.00909676696176e-09,-1.11626657279242e-08,-0.0018,0.000618360168135696,0.000618360168135696,-0.000563279663728607,0.00161224011218228,62586693.1869575,187760079.560872,0.00276488988158849
3.12,-179760079.560872,-9.00909676696176e-09,-1.11626657279242e-08,-0.00176,0.000610360142303246,0.000610360142303246,-0.000539279715393506,0.00158024009496251,59920026.5202908,179760079.560872,0.00276488988158849
3.14,-171760079.560872,-9.00909676696176e-09,-1.11626657279242e-08,-0.00172,0.000602360116470797,0.000602360116470797,-0.000515279767058406,0.00154824007774281,57253359.8536241,171760079.560872,0.00276488988158849
3.16,-163760079.560872,-9.00909676696176e-09,-1.11626657279242e-08,-0.00168,0.000594360090638347,0.000594360090638347,-0.000491279818723305,0.00151624006052319,54586693.1869575,163760079.560872,0.00276488988158849
3.18,-155760079.560872,-9.00909676696176e-09,-1.11626657279242e-08,-0.00164,0.000586360064805897,0.000586360064805897,-0.000467279870388205,0.00148424004330366,51920026.5202908,155760079.560872,0.00276488988158849
3.2,-147760079.560872,-9.00909676696176e-09,-1.11626657279242e-08,-0.0016,0.000578360038973447,0.000578360038973447,-0.000443279922053104,0.00145224002608423,49253359.8536241,147760079.560872,0.00276488988158849
3.22,-139760079.560872,-9.00909676696176e-09,-1.11626657279242e-08,-0.00156,0.000570360013140998,0.000570360013140998,-0.000419279973718004,0.00142024000886489,46586693.1869574,139760079.560872,0.00276488988158849
3.24,-131760079.560872,-9.00909676696176e-09,-1.11626657279242e-08,-0.00152,0.000562359987308548,0.000562359987308548,-0.000395280025382903,0.00138823999164566,43920026.5202908,131760079.560872,0.00276488988158849
3.26,-123760079.560873,-9.00909676696176e-09,-1.11626657279242e-08,-0.00148,0.000554359961476098,0.000554359961476098,-0.000371280077047803,0.00135623997442655,41253359.8536242,123760079.560873,0.00276488988158849
3.28,-115760079.560872,-9.00909676696176e-09,-1.11626657279242e-08,-0.00144,0.000546359935643648,0.000546359935643648,-0.000347280128712702,0.00132423995720755,38586693.1869575,115760079.560872,0.00276488988158849
3.3,-107760079.560873,-9.00909676696176e-09,-1.11626657279242e-08,-0.0014,0.000538359925430858,0.000538359925430858,-0.000323280149138283,0.00129223995040179,35920026.5202909,107760079.560873,0.00276488988158849
3.32,-99760079.5608725,-9.00909676696176e-09,-1.11626657279242e-08,-0.00136,0.000530359921397944,0.000530359921397944,-0.000299280157204111,0.00126023994771609,33253359.8536242,99760079.5608725,0.00276488988158849
3.34,-91760079.5608725,-9.00909676696176e-09,-1.11626657279242e-08,-0.00132,0.00052235991736503,0.00052235991736503,-0.00027528016526994,0.00122823994503054,30586693.1869575,91760079.5608725,0.00276488988158849
3.36,-83760079.5608725,-9.00909676696176e-09,-1.11626657279242e-08,-0.00128,0.000514359913332116,0.000514359913332116,-0.000251280173335768,0.00119623994234516,27920026.5202909,83760079.5608725,0.00276488988158849
3.38,-75760079.5608725,-9.00909676696176e-09,-1.11626657279242e-08,-0.00124,0.000506359909299202,0.000506359909299202,-0.000227280181401596,0.00116423993965995,25253359.8536242,75760079.5608725,0.00276488988158849
3.4,-67760079.5608725,-9.00909676696176e-09,-1.11626657279242e-08,-0.0012,0.000498359905266288,0.000498359905266288,-0.000203280189467424,0.00113223993697493,22586693.1869575,67760079.5608725,0.00276488988158849
3.42,-59760079.5608725,-9.00909676696176e-09,-1.11626657279242e-08,-0.00116,0.000490359901233374,0.000490359901233374,-0.000179280197533252,0.00110023993429013,19920026.5202908,59760079.5608725,0.00276488988158849
3.44,-51760079.5608725,-9.00909676696176e-09,-1.11626657279242e-08,-0.00112,0.00048235989720046,0.00048235989720046,-0.000155280205599081,0.00106823993160555,17253359.8536242,51760079.5608725,0.00276488988158849
3.46,-43760079.5608725,-9.00909676696176e-09,-1.11626657279242e-08,-0.00108,0.000474359893167546,0.000474359893167546,-0.000131280213664909,0.00103623992892122,14586693.1869575,43760079.5608725,0.00276488988158849
3.48,-35760079.5608725,-9.00909676696176e-09,-1.11626657279242e-08,-0.00104,0.000466359889134631,0.000466359889134631,-0.000107280221730737,0.00100423992623716,11920026.5202908,35760079.5608725,0.00276488988158849
3.5,-27760079.5608725,-9.00909676696176e-09,-1.11626657279242e-08,-0.001,0.00045835988754023,0.00045835988754023,-8.32802249195408e-05,0.000972239925179076,9253359.85362418,27760079.5608725,0.00276488988158849
3.52,-19760079.5608725,-9.00909676696176e-09,-1.11626657279242e-08,-0.00096,0.000450359886910619,0.000450359886910619,-5.92802261787629e-05,0.000940239924764517,6586693.18695751,19760079.5608725,0.00276488988158849
3.54,-11760079.5608725,-9.00909676696176e-09,-1.11626657279242e-08,-0.00092,0.000442359886281007,0.000442359886281007,-3.5280227437985e-05,0.000908239924350324,3920026.52029084,11760079.5608725,0.00276488988158849
3.56,-3760079.5608725,-9.00909676696176e-09,-1.11626657279242e-08,-0.00088,0.000434359885651396,0.000434359885651396,-1.1280228697207e-05,0.000876239923936535,1253359.85362417,3760079.56087249,0.00276488988158849
3.58,4239920.4391275,-9.00909676696176e-09,-1.11626657279242e-08,-0.00084,0.000426359885021785,0.000426359885021785,1.27197700435708e-05,0.000844239923523198,-1413306.81304249,4239920.43912751,0.00276488988158849
3.6,12239920.4391275,-9.00909676696176e-09,-1.11626657279242e-08,-0.0008,0.000418359884392174,0.000418359884392174,3.67197687843486e-05,0.000812239923110365,-4079973.47970916,12239920.4391275,0.00276488988158849
3.62,20239920.4391275,-9.00909676696176e-09,-1.11626657279242e-08,-0.00076,0.000410359883762563,0.000410359883762563,6.07197675251266e-05,0.000780239922698099,-6746640.14637583,20239920.4391275,0.00276488988158849
3.64,28239920.4391275,-9.00909676696176e-09,-1.11626657279242e-08,-0.00072,0.000402359883132952,0.000402359883132952,8.47197662659044e-05,0.000748239922286472,-9413306.81304249,28239920.4391275,0.00276488988158849
3.66,36239920.4391275,-9.00909676696176e-09,-1.11626657279242e-08,-0.00068,0.000394359882503341,0.000394359882503341,0.000108719765006682,0.00071623992187557,-12079973.4797092,36239920.4391275,0.00276488988158849
3.68,44239920.4391275,-9.00909676696176e-09,-1.11626657279242e-08,-0.00064,0.00038635988187373,0.00038635988187373,0.00013271976374746,0.000684239921465495,-14746640.1463758,44239920.4391275,0.00276488988158849
3.7,52239920.4391275,-9.00909676696176e-09,-1.11626657279242e-08,-0.0006,0.000378359881624815,0.000378359881624815,0.00015671976324963,0.000652239921310166,-17413306.8130425,52239920.4391275,0.00276488988158849
3.72,60239920.4391273,-9.00909676696176e-09,-1.11626657279242e-08,-0.000560000000000001,0.000370359881526521,0.000370359881526521,0.000180719763053042,0.000620239921256347,-20079973.4797091,60239920.4391273,0.00276488988158849
3.74,68239920.4391275,-9.00909676696176e-09,-1.11626657279242e-08,-0.00052,0.000362359881428228,0.000362359881428228,0.000204719762856455,0.0005882399212038,-22746640.1463758,68239920.4391275,0.00276488988158849
3.76,76239920.4391273,-9.00909676696176e-09,-1.11626657279242e-08,-0.000480000000000001,0.000354359881329934,0.000354359881329934,0.000228719762659867,0.000556239921152749,-25413306.8130424,76239920.4391273,0.00276488988158849
3.78,84239920.4391275,-9.00909676696176e-09,-1.11626657279242e-08,-0.00044,0.00034635988123164,0.00034635988123164,0.000252719762463281,0.000524239921103463,-28079973.4797092,84239920.4391275,0.00276488988158849
3.8,92239920.4391273,-9.00909676696176e-09,-1.11626657279242e-08,-0.000400000000000001,0.000338359881133347,0.000338359881133347,0.000276719762266693,0.000492239921056292,-30746640.1463758,92239920.4391273,0.00276488988158849
3.82,100239920.439127,-9.00909676696176e-09,-1.11626657279242e-08,-0.000360000000000001,0.000330359881035053,0.000330359881035053,0.000300719762070105,0.000460239921011672,-33413306.8130424,100239920.439127,0.00276488988158849
3.84,108239920.439127,-9.00909676696176e-09,-1.11626657279242e-08,-0.000320000000000001,0.000322359880936759,0.000322359880936759,0.000324719761873518,0.000428239920970177,-36079973.4797091,108239920.439127,0.00276488988158849
3.86,116239920.439127,-9.00909676696176e-09,-1.11626657279242e-08,-0.000280000000000001,0.000314359880838465,0.000314359880838465,0.00034871976167693,0.000396239920932564,-38746640.1463758,116239920.439127,0.00276488988158849
3.88,124239920.439127,-9.00909676696176e-09,-1.11626657279242e-08,-0.000240000000000001,0.000306359880740172,0.000306359880740172,0.000372719761480343,0.000364239920899856,-41413306.8130424,124239920.439127,0.00276488988158849
3.9,132239920.439127,-9.00909676696176e-09,-1.11626657279242e-08,-0.000200000000000001,0.000298359880701312,0.000298359880701312,0.000396719761402622,0.000332239920913092,-44079973.4797091,132239920.439127,0.00276488988158849
3.92,140239920.439127,-9.00909676696176e-09,-1.11626657279242e-08,-0.000160000000000001,0.000290359880685966,0.000290359880685966,0.000420719761371932,0.000300239920950349,-46746640.1463758,140239920.439127,0.00276488988158849
3.94,148239920.439127,-9.00909676696176e-09,-1.11626657279242e-08,-0.000120000000000001,0.000282359880670621,0.000282359880670621,0.000444719761341241,0.000268239920998937,-49413306.8130424,148239920.439127,0.00276488988158849
3.96,156239920.439127,-9.00909676696176e-09,-1.11626657279242e-08,-8.00000000000008e-05,0.000274359880655275,0.000274359880655275,0.00046871976131055,0.000236239921063458,-52079973.4797091,156239920.439127,0.00276488988158849
3.98,164239920.439127,-9.00909676696176e-09,-1.11626657279242e-08,-4.00000000000008e-05,0.00026635988063993,0.00026635988063993,0.000492719761279859,0.000204239921151404,-54746640.1463758,164239920.439127,0.00276488988158849
4,172239920.439127,-9.00909676696176e-09,-1.11626657279242e-08,-7.31836466427715e-19,0.000258359880624584,0.000258359880624584,0.000516719761249168,0.000172239921275829,-57413306.8130424,172239920.439127,0.00276488988158849
4.02,180239920.439127,-9.00909676696176e-09,-1.11626657279242e-08,3.99999999999984e-05,0.000250359880609239,0.000250359880609239,0.000540719761218477,0.000140239921461707,-60079973.4797091,180239920.439127,0.00276488988158849
4.04,188239920.439127,-9.00909676696176e-09,-1.11626657279242e-08,7.99999999999992e-05,0.000242359880593894,0.000242359880593894,0.000564719761187787,0.000108239921763537,-62746640.1463758,188239920.439127,0.00276488988158849
4.06,196239920.439128,-9.00909676696176e-09,-1.11626657279242e-08,0.00012,0.000234359880578548,0.000234359880578548,0.000588719761157096,7.62399223273288e-05,-65413306.8130425,196239920.439128,0.00276488988158849
4.08,204239920.439127,-9.00909676696176e-09,-1.11626657279242e-08,0.000159999999999999,0.000226359880563203,0.000226359880563203,0.000612719761126405,4.42399237215358e-05,-68079973.4797091,204239920.439127,0.00276488988158849
4.1,212239920.439127,-9.00909676696176e-09,-1.11626657279242e-08,0.000199999999999999,0.000218359880557136,0.000218359880557136,0.000636719761114271,1.22399324654303e-05,-70746640.1463757,212239920.439127,0.00276488988158849
4.12,220239920.439128,-9.00909676696176e-09,-1.11626657279242e-08,0.00024,0.000210359880556391,0.000210359880556391,0.000660719761112782,1.97600871204247e-05,-73413306.8130425,220239920.439128,0.00276488988158849
4.14,227683751.589139,-8.9601483557617e-09,-1.11191560290797e-08,0.000279999999999999,0.000201525627281359,0.000201525627281359,0.000683051254562718,5.23162513086104e-05,-75894583.8630465,227683751.589139,0.00276767072583843
4.16,228067503.928048,-8.53875841793903e-09,-1.05522794695237e-08,0.000319999999999999,0.000182101255789722,0.000182101255789722,0.000684202511579443,9.19324977503854e-05,-76022501.3093493,228067503.928048,0.00280575196414389
4.18,228448489.604961,-8.22124407336359e-09,-9.95024416881372e-09,0.000359999999999998,0.000162672734305092,0.000162672734305092,0.000685345468610183,0.000131551511588531,-76149496.5349871,228448489.604961,0.00284384703575932
4.2,228829471.859137,-7.88748726276383e-09,-9.34930487020402e-09,0.000399999999999999,0.000143244207686356,0.000143244207686356,0.00068648841537271,0.000171170529073904,-76276490.6197123,228829471.859137,0.00288194212448844
4.22,229210435.014102,-7.46309590923062e-09,-8.75448137009842e-09,0.000439999999999998,0.000123815652418804,0.000123815652418804,0.000687631304837606,0.000210789565756392,-76403478.3380341,229210435.014102,0.00292003730871362
4.24,229591398.168149,-7.03873319670296e-09,-8.1597192130227e-09,0.000479999999999999,0.000104387097149873,0.000104387097149874,0.000688774194299746,0.000250408602491236,-76530466.0560496,229591398.168149,0.00295813249294339
4.26,229972354.03539,-6.84149386832404e-09,-8.05140773273739e-09,0.000519999999999998,8.49585309507366e-05,8.49585309507366e-05,0.000689917061901471,0.000290027646543239,-76657451.3451302,229972354.03539,0.00299622771360718
4.28,230353309.902632,-6.64425453994512e-09,-7.94309625245209e-09,0.000559999999999998,6.55299647515989e-05,6.55299647515989e-05,0.000691059929503196,0.000329646690614655,-76784436.6342107,230353309.902632,0.00303432293427097
4.3,230734263.988538,-6.11135014164241e-09,-7.49381707575351e-09,0.000599999999999997,4.61013958804574e-05,4.61013958804574e-05,0.000692202791760912,0.000369265736480569,-76911421.3295125,230734263.988538,0.00307241816384144
4.32,231115217.755837,-5.5184094315942e-09,-6.98355317126762e-09,0.000639999999999998,2.66728265314061e-05,2.66728265314061e-05,0.000693345653062811,0.000408884782674428,-77038405.9186123,231115217.755837,0.00311051339500494
4.34,231496171.523136,-4.92546872154602e-09,-6.47328926678176e-09,0.000679999999999997,7.24425718235571e-06,7.24425718235571e-06,0.000694488514364709,0.000448503828875147,-77165390.5077121,231496171.523136,0.00314860862616845
4.36,231877125.290436,-4.33252801149781e-09,-5.96302536229587e-09,0.000719999999999998,-1.21843121666955e-05,-1.21843121666955e-05,0.000695631375666607,0.000488122875081059,-77292375.096812,231877125.290436,0.00318670385733195
4.38,232258079.057735,-3.73958730144963e-09,-5.45276145781e-09,0.000759999999999997,-3.16128815157459e-05,-3.16128815157459e-05,0.000696774236968506,0.000527741921290992,-77419359.6859118,232258079.057735,0.00322479908849545
4.4,232639032.825035,-3.14664659140142e-09,-4.94249755332411e-09,0.000799999999999998,-5.10414508647972e-05,-5.10414508647972e-05,0.000697917098270404,0.000567360967504106,-77546344.2750116,232639032.825035,0.00326289431965895
4.42,233019986.592334,-2.55370588135324e-09,-4.43223364883825e-09,0.000839999999999997,-7.04700202138476e-05,-7.04700202138476e-05,0.000699059959572302,0.000606980013719776,-77673328.8641114,233019986.592334,0.00330098955082246
4.44,233400940.359634,-1.96076517130506e-09,-3.92196974435238e-09,0.000879999999999997,-8.9898589562898e-05,-8.9898589562898e-05,0.000700202820874201,0.000646599059937532,-77800313.4532112,233400940.359634,0.00333908478198596
4.46,233781894.126933,-1.36782446125685e-09,-3.41170583986649e-09,0.000919999999999997,-0.000109327158911949,-0.000109327158911949,0.000701345682176099,0.000686218106157016,-77927298.0423111,233781894.126933,0.00337718001314946
4.48,234162847.894233,-7.74883751208645e-10,-2.9014419353806e-09,0.000959999999999998,-0.000128755728261,-0.000128755728261,0.000702488543477997,0.000725837152377943,-78054282.6314109,234162847.894233,0.00341527524431296
4.5,234543801.200059,-1.31746952035512e-10,-2.33997181804963e-09,0.000999999999999997,-0.000148184298302261,-0.000148184298302261,0.000703631403395476,0.00076545619906156,-78181267.0666863,234543801.200059,0.00345337047778383
4.52,234924754.423347,5.20367808579344e-10,-1.76934307078324e-09,0.00104,-0.000167612868467328,-0.000167612868467328,0.000704774263065341,0.000805075245828754,-78308251.474449,234924754.423347,0.00349146571166739
4.54,235305707.646635,1.17248256919423e-09,-1.19871432351683e-09,0.00108,-0.000187041438632396,-0.000187041438632396,0.000705917122735205,0.000844694292596842,-78435235.8822117,235305707.646635,0.00352956094555095
4.56,235686660.869923,1.82459732980911e-09,-6.28085576250426e-10,0.00112,-0.000206470008797464,-0.000206470008797464,0.000707059982405069,0.000884313339365704,-78562220.2899744,235686660.869923,0.00356765617943451
4.58,236067614.093211,2.47671209042397e-09,-5.74568289840432e-11,0.00116,-0.000225898578962532,-0.000225898578962532,0.000708202842074934,0.000923932386135237,-78689204.6977371,236067614.093211,0.00360575141331807
4.6,236448567.3165,3.12882685103883e-09,5.1317191828234e-10,0.0012,-0.000245327149127599,-0.000245327149127599,0.000709345701744798,0.00096355143290536,-78816189.1054998,236448567.3165,0.00364384664720163
4.62,236829520.539788,3.78094161165371e-09,1.08380066554875e-09,0.00124,-0.000264755719292667,-0.000264755719292667,0.000710488561414663,0.00100317047967601,-78943173.5132626,236829520.539788,0.00368194188108519
4.64,237210473.763076,4.43305637226857e-09,1.65442941281513e-09,0.00128,-0.000284184289457735,-0.000284184289457735,0.000711631421084527,0.00104278952644711,-79070157.9210253,237210473.763076,0.00372003711496875
4.66,237591426.986364,5.08517113288345e-09,2.22505816008154e-09,0.00132,-0.000303612859622803,-0.000303612859622803,0.000712774280754391,0.00108240857321863,-79197142.328788,237591426.986364,0.00375813234885231
4.68,237972380.209652,5.73728589349831e-09,2.79568690734792e-09,0.00136,-0.00032304142978787,-0.00032304142978787,0.000713917140424256,0.00112202761999051,-79324126.7365507,237972380.209652,0.00379622758273587
4.7,238353333.152552,6.20858836956517e-09,3.39937458878675e-09,0.0014,-0.000342470000373521,-0.000342470000373521,0.000715059999252955,0.00116164666704311,-79451111.0508507,238353333.152552,0.00383432281802137
4.72,238734286.045302,6.64755116046607e-09,4.00897511804853e-09,0.00144,-0.000361898571034395,-0.000361898571034395,0.000716202857931206,0.00120126571414616,-79578095.3484341,238734286.045302,0.00387241805355762
4.74,239115238.938053,7.08651395136699e-09,4.61857564731033e-09,0.00148,-0.00038132714169527,-0.00038132714169527,0.000717345716609457,0.00124088476124947,-79705079.6460175,239115238.938053,0.00391051328909386
4.76,239496191.830803,7.52547674226789e-09,5.22817617657211e-09,0.00152,-0.000400755712356144,-0.000400755712356144,0.000718488575287708,0.00128050380835303,-79832063.943601,239496191.830803,0.00394860852463011
4.78,239877144.723553,7.96443953316881e-09,5.83777670583391e-09,0.00156,-0.000420184283017019,-0.000420184283017019,0.000719631433965959,0.00132012285545681,-79959048.2411844,239877144.723553,0.00398670376016636
4.8,240258097.616303,8.40340232406972e-09,6.44737723509569e-09,0.0016,-0.000439612853677893,-0.000439612853677893,0.00072077429264421,0.00135974190256079,-80086032.5387678,240258097.616303,0.00402479899570261
4.82,240639050.509054,8.84236511497064e-09,7.0569777643575e-09,0.00164,-0.000459041424338768,-0.000459041424338768,0.000721917151322461,0.00139936094966496,-80213016.8363512,240639050.509054,0.00406289423123886
4.84,241020003.401804,9.28132790587154e-09,7.66657829361927e-09,0.00168,-0.000478469994999642,-0.000478469994999642,0.000723060010000712,0.0014389799967693,-80340001.1339347,241020003.401804,0.00410098946677511
4.86,241400956.294554,9.72029069677246e-09,8.27617882288108e-09,0.00172,-0.000497898565660518,-0.000497898565660518,0.000724202868678962,0.00147859904387379,-80466985.4315181,241400956.294554,0.00413908470231136
4.88,241781909.187305,1.01592534876734e-08,8.88577935214286e-09,0.00176,-0.000517327136321392,-0.000517327136321392,0.000725345727357213,0.00151821809097843,-80593969.7291015,241781909.187305,0.0041771799378476
4.9,242162861.772958,1.07634255003591e-08,9.48471543872752e-09,0.0018,-0.000536755707442912,-0.000536755707442912,0.000726488585114174,0.0015578371383903,-80720953.9243193,242162861.772958,0.00421527517491934
4.92,242543814.303685,1.13971464689269e-08,1.00817441066901e-08,0.00184,-0.000556184278646821,-0.000556184278646821,0.000727631442706354,0.00159745618585721,-80847938.1012283,242543814.303685,0.0042533704122657
4.94,242924766.834412,1.20308674374947e-08,1.06787727746526e-08,0.00188,-0.000575612849850731,-0.000575612849850731,0.000728774300298534,0.00163707523332424,-80974922.2781372,242924766.834412,0.00429146564961207
4.96,243305719.365138,1.26645884060625e-08,1.12758014426152e-08,0.00192,-0.000595041421054641,-0.000595041421054641,0.000729917157890715,0.00167669428079138,-81101906.4550461,243305719.365138,0.00432956088695843
4.98,243686671.895865,1.32983093746303e-08,1.18728301105778e-08,0.00196,-0.000614469992258551,-0.000614469992258551,0.000731060015482895,0.00171631332825861,-81228890.6319551,243686671.895865,0.0043676561243048
5,244067624.426592,1.3932030343198e-08,1.24698587785403e-08,0.002,-0.000633898563462461,-0.000633898563462461,0.000732202873075075,0.00175593237572594,-81355874.808864,244067624.426592,0.00440575136165117
5.02,236067624.426592,1.3932030343198e-08,1.24698587785403e-08,0.00196,-0.000625539325733039,-0.000625539325733039,0.000708921348533918,0.0017236928839079,-78689208.1421974,236067624.426592,0.00440575136165117
5.04,228067624.426592,1.3932030343198e-08,1.24698587785403e-08,0.00192,-0.000617533878681729,-0.000617533878681729,0.000684932242636539,0.00169168925254199,-76022541.4755307,228067624.426592,0.00440575136165117
5.06,220067624.426592,1.3932030343198e-08,1.24698587785403e-08,0.00188,-0.000609532818796506,-0.000609532818796506,0.000660934362406986,0.00165968854595353,-73355874.8088641,220067624.426592,0.00440575136165117
5.08,212067624.426592,1.3932030343198e-08,1.24698587785403e-08,0.00184,-0.000601532631302291,-0.000601532631302291,0.000636934737395415,0.00162768842095914,-70689208.1421973,212067624.426592,0.00440575136165117
5.1,204067624.426592,1.3932030343198e-08,1.24698587785403e-08,0.0018,-0.000593532565885229,-0.000593532565885229,0.00061293486822954,0.00159568837734959,-68022541.4755307,204067624.426592,0.00440575136165117
5.12,196067624.426592,1.3932030343198e-08,1.24698587785403e-08,0.00176,-0.000585532540052779,-0.000585532540052779,0.000588934919894439,0.00156368836012985,-65355874.808864,196067624.426592,0.00440575136165117
5.14,188067624.426592,1.3932030343198e-08,1.24698587785403e-08,0.00172,-0.000577532514220329,-0.000577532514220329,0.000564934971559339,0.0015316883429102,-62689208.1421974,188067624.426592,0.00440575136165117
5.16,180067624.426592,1.3932030343198e-08,1.24698587785403e-08,0.00168,-0.000569532488387879,-0.000569532488387879,0.000540935023224238,0.00149968832569062,-60022541.4755307,180067624.426592,0.00440575136165117
5.18,172067624.426592,1.3932030343198e-08,1.24698587785403e-08,0.00164,-0.00056153246255543,-0.00056153246255543,0.000516935074889138,0.00146768830847114,-57355874.8088641,172067624.426592,0.00440575136165117
5.2,164067624.426592,1.3932030343198e-08,1.24698587785403e-08,0.0016,-0.00055353243672298,-0.00055353243672298,0.000492935126554037,0.00143568829125176,-54689208.1421973,164067624.426592,0.00440575136165117
5.22,156067624.426592,1.3932030343198e-08,1.24698587785403e-08,0.00156,-0.00054553241089053,-0.00054553241089053,0.000468935178218937,0.00140368827403248,-52022541.4755307,156067624.426592,0.00440575136165117
5.24,148067624.426592,1.3932030343198e-08,1.24698587785403e-08,0.00152,-0.00053753238505808,-0.00053753238505808,0.000444935229883836,0.0013716882568133,-49355874.808864,148067624.426592,0.00440575136165117
5.26,140067624.426592,1.3932030343198e-08,1.24698587785403e-08,0.00148,-0.000529532359225631,-0.000529532359225631,0.000420935281548736,0.00133968823959425,-46689208.1421974,140067624.426592,0.00440575136165117
5.28,132067624.426592,1.3932030343198e-08,1.24698587785403e-08,0.00144,-0.000521532333393181,-0.000521532333393181,0.000396935333213635,0.00130768822237532,-44022541.4755307,132067624.426592,0.00440575136165117
5.3,124067624.426592,1.3932030343198e-08,1.24698587785403e-08,0.0014,-0.000513532323180391,-0.000513532323180391,0.000372935353639216,0.00127568821556963,-41355874.8088641,124067624.426592,0.00440575136165117
5.32,116067624.426592,1.3932030343198e-08,1.24698587785403e-08,0.00136,-0.000505532319147477,-0.000505532319147477,0.000348935361705044,0.00124368821288401,-38689208.1421973,116067624.426592,0.00440575136165117
5.34,108067624.426592,1.3932030343198e-08,1.24698587785403e-08,0.00132,-0.000497532315114563,-0.000497532315114563,0.000324935369770873,0.00121168821019854,-36022541.4755307,108067624.426592,0.00440575136165117
5.36,100067624.426592,1.3932030343198e-08,1.24698587785403e-08,0.00128,-0.000489532311081648,-0.000489532311081648,0.0003009353778367,0.00117968820751325,-33355874.808864,100067624.426592,0.00440575136165117
5.38,92067624.4265922,1.3932030343198e-08,1.24698587785403e-08,0.00124,-0.000481532307048734,-0.000481532307048734,0.000276935385902529,0.00114768820482814,-30689208.1421974,92067624.4265922,0.00440575136165117
5.4,84067624.426592,1.3932030343198e-08,1.24698587785403e-08,0.0012,-0.00047353230301582,-0.00047353230301582,0.000252935393968357,0.00111568820214322,-28022541.4755307,84067624.426592,0.00440575136165117
5.42,76067624.4265922,1.3932030343198e-08,1.24698587785403e-08,0.00116,-0.000465532298982906,-0.000465532298982906,0.000228935402034185,0.00108368819945853,-25355874.8088641,76067624.4265922,0.00440575136165117
5.44,68067624.426592,1.3932030343198e-08,1.24698587785403e-08,0.00112,-0.000457532294949992,-0.000457532294949992,0.000204935410100013,0.00105168819677408,-22689208.1421973,68067624.426592,0.00440575136165117
5.46,60067624.4265922,1.3932030343198e-08,1.24698587785403e-08,0.00108,-0.000449532290917078,-0.000449532290917078,0.000180935418165842,0.00101968819408989,-20022541.4755307,60067624.4265921,0.00440575136165117
5.48,52067624.426592,1.3932030343198e-08,1.24698587785403e-08,0.00104,-0.000441532286884164,-0.000441532286884164,0.000156935426231669,0.000987688191405982,-17355874.808864,52067624.426592,0.00440575136165117
5.5,44067624.4265922,1.3932030343198e-08,1.24698587785403e-08,0.000999999999999998,-0.000433532285289762,-0.000433532285289762,0.000132935429420474,0.000955688190348067,-14689208.1421974,44067624.4265921,0.00440575136165117
5.52,36067624.4265923,1.3932030343198e-08,1.24698587785403e-08,0.000959999999999999,-0.000425532284660151,-0.000425532284660151,0.000108935430679696,0.000923688189933693,-12022541.4755308,36067624.4265923,0.00440575136165117
5.54,28067624.4265921,1.3932030343198e-08,1.24698587785403e-08,0.000919999999999998,-0.00041753228403054,-0.00041753228403054,8.49354319389179e-05,0.000891688189519703,-9355874.80886406,28067624.4265921,0.00440575136165117
5.56,20067624.426592,1.3932030343198e-08,1.24698587785403e-08,0.000879999999999997,-0.000409532283400929,-0.000409532283400929,6.09354331981395e-05,0.00085968818910614,-6689208.14219733,20067624.426592,0.00440575136165117
5.58,12067624.4265921,1.3932030343198e-08,1.24698587785403e-08,0.000839999999999998,-0.000401532282771318,-0.000401532282771318,3.69354344573621e-05,0.000827688188693058,-4022541.47553072,12067624.4265921,0.00440575136165117
5.6,4067624.42659233,1.3932030343198e-08,1.24698587785403e-08,0.000799999999999999,-0.000393532282141707,-0.000393532282141707,1.29354357165847e-05,0.00079568818828051,-1355874.80886412,4067624.42659231,0.00440575136165117
5.62,-3932375.57340785,1.3932030343198e-08,1.24698587785403e-08,0.000759999999999998,-0.000385532281512096,-0.000385532281512096,-1.10645630241936e-05,0.000763688187868564,1310791.85780261,3932375.57340786,0.00440575136165117
5.64,-11932375.5734077,1.3932030343198e-08,1.24698587785403e-08,0.000719999999999999,-0.000377532280882485,-0.000377532280882485,-3.5064561764971e-05,0.000731688187457302,3977458.52446922,11932375.5734077,0.00440575136165117
5.66,-19932375.5734079,1.3932030343198e-08,1.24698587785403e-08,0.000679999999999998,-0.000369532280252874,-0.000369532280252874,-5.90645605057494e-05,0.000699688187046813,6644125.19113594,19932375.5734079,0.00440575136165117
5.68,-27932375.5734077,1.3932030343198e-08,1.24698587785403e-08,0.000639999999999999,-0.000361532279623263,-0.000361532279623263,-8.30645592465268e-05,0.000667688186637212,9310791.85780255,27932375.5734077,0.00440575136165117
5.7,-35932375.5734079,1.3932030343198e-08,1.24698587785403e-08,0.000599999999999998,-0.000353532279374347,-0.000353532279374347,-0.000107064558748697,0.000635688186482429,11977458.5244693,35932375.5734079,0.00440575136165117
5.72,-43932375.5734077,1.3932030343198e-08,1.24698587785403e-08,0.000559999999999999,-0.000345532279276054,-0.000345532279276054,-0.000131064558552109,0.000603688186429244,14644125.1911359,43932375.5734077,0.00440575136165117
5.74,-51932375.5734079,1.3932030343198e-08,1.24698587785403e-08,0.000519999999999998,-0.00033753227917776,-0.00033753227917776,-0.000155064558355522,0.00057168818637744,17310791.8578026,51932375.5734079,0.00440575136165117
5.76,-59932375.5734077,1.3932030343198e-08,1.24698587785403e-08,0.000479999999999999,-0.000329532279079467,-0.000329532279079467,-0.000179064558158934,0.000539688186327264,19977458.5244692,59932375.5734077,0.00440575136165117
5.78,-67932375.5734079,1.3932030343198e-08,1.24698587785403e-08,0.000439999999999998,-0.000321532278981173,-0.000321532278981173,-0.000203064557962348,0.000507688186279023,22644125.1911359,67932375.5734079,0.00440575136165117
5.8,-75932375.5734077,1.3932030343198e-08,1.24698587785403e-08,0.000399999999999999,-0.000313532278882879,-0.000313532278882879,-0.00022706455776576,0.000475688186233109,25310791.8578026,75932375.5734077,0.00440575136165117
5.82,-83932375.5734079,1.3932030343198e-08,1.24698587785403e-08,0.000359999999999998,-0.000305532278784585,-0.000305532278784585,-0.000251064557569173,0.000443688186190023,27977458.5244693,83932375.5734079,0.00440575136165117
5.84,-91932375.5734077,1.3932030343198e-08,1.24698587785403e-08,0.000319999999999999,-0.000297532278686292,-0.000297532278686292,-0.000275064557372585,0.000411688186150428,30644125.1911359,91932375.5734077,0.00440575136165117
5.86,-99932375.5734079,1.3932030343198e-08,1.24698587785403e-08,0.000279999999999998,-0.000289532278587998,-0.000289532278587998,-0.000299064557175998,0.000379688186115202,33310791.8578026,99932375.5734079,0.00440575136165117
5.88,-107932375.573408,1.3932030343198e-08,1.24698587785403e-08,0.000239999999999999,-0.000281532278489704,-0.000281532278489704,-0.00032306455697941,0.000347688186085556,35977458.5244692,107932375.573408,0.00440575136165117
5.9,-115932375.573408,1.3932030343198e-08,1.24698587785403e-08,0.000199999999999998,-0.000273532278450844,-0.000273532278450844,-0.00034706455690169,0.000315688186102806,38644125.191136,115932375.573408,0.00440575136165117
5.92,-123932375.573408,1.3932030343198e-08,1.24698587785403e-08,0.000159999999999999,-0.000265532278435499,-0.000265532278435499,-0.000371064556870999,0.000283688186145469,41310791.8578026,123932375.573408,0.00440575136165117
5.94,-131932375.573408,1.3932030343198e-08,1.24698587785403e-08,0.000119999999999999,-0.000257532278420153,-0.000257532278420153,-0.000395064556840307,0.000251688186201583,43977458.5244692,131932375.573408,0.00440575136165117
5.96,-139932375.573408,1.3932030343198e-08,1.24698587785403e-08,7.99999999999986e-05,-0.000249532278404808,-0.000249532278404808,-0.000419064556809617,0.000219688186277022,46644125.1911359,139932375.573408,0.00440575136165117
5.98,-147932375.573408,1.3932030343198e-08,1.24698587785403e-08,3.99999999999977e-05,-0.000241532278389462,-0.000241532278389462,-0.000443064556778927,0.000187688186381674,49310791.8578026,147932375.573408,0.00440575136165117
6,-155932375.573408,1.3932030343198e-08,1.24698587785403e-08,-1.43656787854329e-18,-0.000233532278374117,-0.000233532278374117,-0.000467064556748235,0.000155688186533553,51977458.5244692,155932375.573408,0.00440575136165117
6.02,-163932375.573408,1.3932030343198e-08,1.24698587785403e-08,-4.00000000000005e-05,-0.000225532278358772,-0.000225532278358772,-0.000491064556717544,0.000123688186769312,54644125.1911358,163932375.573408,0.00440575136165117
6.04,-171932375.573408,1.3932030343198e-08,1.24698587785403e-08,-8.00000000000014e-05,-0.000217532278343426,-0.000217532278343426,-0.000515064556686854,9.16881871767739e-05,57310791.8578026,171932375.573408,0.00440575136165117
6.06,-179932375.573408,1.3932030343198e-08,1.24698587785403e-08,-0.000120000000000002,-0.00020953227832808,-0.00020953227832808,-0.000539064556656163,5.96881880321029e-05,59977458.5244693,179932375.573408,0.00440575136165117
6.08,-187932375.573408,1.3932030343198e-08,1.24698587785403e-08,-0.000160000000000001,-0.000201532278312735,-0.000201532278312735,-0.000563064556625472,2.76881908881361e-05,62644125.1911359,187932375.573408,0.00440575136165117
6.1,-195932375.573408,1.3932030343198e-08,1.24698587785403e-08,-0.000200000000000001,-0.000193532278306669,-0.000193532278306669,-0.000587064556613338,4.31184879327829e-06,65310791.8578025,195932375.573408,0.00440575136165117
6.12,-203932375.573408,1.3932030343198e-08,1.24698587785403e-08,-0.000240000000000002,-0.000185532278304273,-0.000185532278304273,-0.000611064556608547,3.63118185404467e-05,67977458.5244693,203932375.573408,0.00440575136165117
6.14,-211932375.573408,1.3932030343198e-08,1.24698587785403e-08,-0.000280000000000001,-0.000177532278301877,-0.000177532278301877,-0.000635064556603755,6.83118166323874e-05,70644125.1911359,211932375.573408,0.00440575136165117
6.16,-219932375.573408,1.3932030343198e-08,1.24698587785403e-08,-0.000320000000000003,-0.00016953227830093,-0.00016953227830093,-0.000659064556601862,0.000100311815941745,73310791.8578026,219932375.573408,0.00440575136165117
6.18,-227932375.573408,1.3932030343198e-08,1.24698587785403e-08,-0.000360000000000002,-0.000161532278300556,-0.000161532278300556,-0.000683064556601113,0.000132311815585092,75977458.5244693,227932375.573408,0.00440575136165117
6.2,-235932375.573408,1.3932030343198e-08,1.24698587785403e-08,-0.000400000000000003,-0.000153532278300181,-0.000153532278300181,-0.000707064556600366,0.000164311815367455,78644125.191136,235932375.573408,0.00440575136165117
6.22,-243845635.656391,1.39232266580118e-08,1.24630730197419e-08,-0.000440000000000003,-0.000145402168424532,-0.000145402168424532,-0.000730804336849067,0.000196398555137368,81281878.5521305,243845635.656391,0.00440618506123625
6.24,-244435803.890905,1.35088171497148e-08,1.19915041408255e-08,-0.000480000000000004,-0.000126287420776302,-0.000126287420776302,-0.000732574841552608,0.000235808386776889,81478601.2969684,244435803.890905,0.00444323422006368
6.26,-244816758.134251,1.35940895531311e-08,1.18954220534058e-08,-0.000520000000000003,-0.000106858852141321,-0.000106858852141321,-0.000733717704282645,0.000275427432443243,81605586.0447502,244816758.134251,0.00448132944884695
6.28,-245197712.288442,1.36544074546019e-08,1.17720215162668e-08,-0.000560000000000004,-8.74302833726072e-05,-8.74302833726072e-05,-0.000734860566745218,0.000315046478221464,81732570.7628139,245197712.288442,0.004519424678076
6.3,-245578665.167973,1.33579455090109e-08,1.1258043265574e-08,-0.000600000000000003,-6.80017126919043e-05,-6.80017126919043e-05,-0.000736003425383812,0.000354665525289444,81859555.055991,245578665.167973,0.00455751991367834
6.32,-245959618.047504,1.30614835634198e-08,1.07440650148811e-08,-0.000640000000000004,-4.85731420112005e-05,-4.85731420112005e-05,-0.000737146284022405,0.000394284572367975,81986539.349168,245959618.047504,0.00459561514928069
6.34,-246340570.571243,1.2703228522265e-08,1.016324734638e-08,-0.000680000000000004,-2.91445707968098e-05,-2.91445707968098e-05,-0.000738289141593623,0.000433903619809954,82113523.5237478,246340570.571243,0.00463371038666199
6.36,-246721523.08567,1.23433560137035e-08,9.580680120282e-09,-0.000720000000000004,-9.71599956844859e-06,-9.71599956844861e-06,-0.000739431999136902,0.000473522667266984,82240507.6952232,246721523.08567,0.00467180562408986
6.38,-247102475.482346,1.18990541288082e-08,8.99684607094234e-09,-0.00076,9.7125718365347e-06,9.71257183653469e-06,-0.000740574856326931,0.000513141714846167,82367491.8274487,247102475.482346,0.00470990086210647
6.4,-247483427.863301,1.13842292187202e-08,8.49416480743468e-09,-0.000800000000000002,2.9141143265104e-05,2.9141143265104e-05,-0.000741717713469794,0.000552760762444538,82494475.9544335,247483427.863301,0.0047479961002017
6.42,-247864380.244255,1.11787231514156e-08,8.20516777445868e-09,-0.000840000000000002,4.85697146936727e-05,4.85697146936727e-05,-0.000742860570612657,0.000592379810045673,82621460.0814182,247864380.244255,0.00478609133829693
6.44,-248245332.625209,1.08489346819751e-08,7.68461783266424e-09,-0.000880000000000002,6.79982861222412e-05,6.79982861222412e-05,-0.000744003427755519,0.000631998857649053,82748444.2084029,248245332.625209,0.00482418657639216
6.46,-248626285.006163,1.05424953487081e-08,7.28199692230311e-09,-0.000920000000000003,8.74268575508106e-05,8.74268575508106e-05,-0.000745146284898382,0.000671617905254283,82875428.3353877,248626285.006163,0.00486228181448739
6.48,-249007237.387117,1.02994927984307e-08,7.19977494745999e-09,-0.000960000000000004,0.00010685542897938,0.00010685542897938,-0.000746289142041244,0.000711236952861053,83002412.4623724,249007237.387117,0.00490037705258262
6.5,-249388189.768071,1.00529203232377e-08,7.08201785133729e-09,-0.001,0.000126284000407948,0.000126284000407949,-0.000747431999184107,0.000750856000469116,83129396.5893571,249388189.768071,0.00493847229067785
6.52,-249769142.149025,9.76640487283964e-09,6.56666738793483e-09,-0.00104,0.000145712571836517,0.000145712571836517,-0.000748574856326969,0.00079047504807828,83256380.7163418,249769142.149025,0.00497656752877308
6.54,-250150094.529979,9.47988942244159e-09,6.05131692453234e-09,-0.00108,0.000165141143265086,0.000165141143265086,-0.000749717713469831,0.000830094095688389,83383364.8433265,250150094.52998,0.00501466276686831
6.56,-250531046.910934,9.24045482825243e-09,5.92749296175736e-09,-0.00112000000000001,0.000184569714693656,0.000184569714693656,-0.000750860570612694,0.000869713143299312,83510348.9703112,250531046.910934,0.00505275800496354
6.58,-250911999.291888,9.00654116456476e-09,5.84958130333514e-09,-0.00116,0.000203998286122224,0.000203998286122224,-0.000752003427755556,0.000909332190910942,83637333.0972959,250911999.291888,0.00509085324305877
6.6,-251292951.672842,8.77262750087708e-09,5.77166964491292e-09,-0.0012,0.000223426857550793,0.000223426857550792,-0.000753146284898419,0.00094895123852319,83764317.2242806,251292951.672842,0.005128948481154
6.62,-251673904.053796,8.53871383718939e-09,5.6937579864907e-09,-0.00124,0.000242855428979362,0.000242855428979362,-0.000754289142041281,0.000988570286135985,83891301.3512653,251673904.053796,0.00516704371924923
6.64,-252054856.43475,8.30480017350172e-09,5.61584632806848e-09,-0.00128,0.00026228400040793,0.00026228400040793,-0.000755431999184143,0.00102818933374926,84018285.47825,252054856.43475,0.00520513895734445
6.66,-252435808.815704,8.07088650981403e-09,5.53793466964626e-09,-0.00132,0.000281712571836499,0.000281712571836499,-0.000756574856327005,0.00106780838136297,84145269.6052348,252435808.815704,0.00524323419543968
6.68,-252816761.196658,7.83697284612635e-09,5.46002301122404e-09,-0.00136,0.000301141143265068,0.000301141143265068,-0.000757717713469868,0.00110742742897705,84272253.7322195,252816761.196658,0.00528132943353491
6.7,-253197713.577613,7.60305918243867e-09,5.38211135280181e-09,-0.0014,0.000320569714693637,0.000320569714693637,-0.00075886057061273,0.00114704647659148,84399237.8592042,253197713.577613,0.00531942467163014
6.72,-253578665.958567,7.36914551875099e-09,5.30419969437959e-09,-0.00144,0.000339998286122205,0.000339998286122205,-0.000760003427755593,0.00118666552420622,84526221.9861889,253578665.958567,0.00535751990972537
6.74,-253959618.339521,7.13523185506331e-09,5.22628803595737e-09,-0.00148,0.000359426857550775,0.000359426857550775,-0.000761146284898455,0.00122628457182123,84653206.1131736,253959618.339521,0.0053956151478206
6.76,-254340570.720475,6.80819073632135e-09,4.76170798905536e-09,-0.00152,0.000378855428979343,0.000378855428979343,-0.000762289142041317,0.0012659036194365,84780190.2401583,254340570.720475,0.00543371038591583
6.78,-254721523.101429,6.47022903863211e-09,4.25178532369194e-09,-0.00156,0.000398284000407912,0.000398284000407912,-0.00076343199918418,0.001305522667052,84907174.367143,254721523.101429,0.00547180562401106
6.8,-255102475.482383,6.13226734094289e-09,3.74186265832854e-09,-0.0016,0.000417712571836481,0.00041771257183648,-0.000764574856327042,0.0013451417146677,85034158.4941277,255102475.482383,0.00550990086210629
6.82,-255483427.863337,5.79430564325365e-09,3.23193999296512e-09,-0.00164,0.00043714114326505,0.00043714114326505,-0.000765717713469904,0.0013847607622836,85161142.6211124,255483427.863337,0.00554799610020152
6.84,-255864380.244291,5.45634394556443e-09,2.72201732760172e-09,-0.00168,0.000456569714693618,0.000456569714693618,-0.000766860570612767,0.00142437980989967,85288126.7480971,255864380.244291,0.00558609133829675
6.86,-256245332.625246,5.11838224787519e-09,2.2120946622383e-09,-0.00172,0.000475998286122188,0.000475998286122187,-0.000768003427755629,0.00146399885751591,85415110.8750818,256245332.625246,0.00562418657639198
6.88,-256626285.0062,4.78042055018596e-09,1.7021719968749e-09,-0.00176,0.000495426857550756,0.000495426857550756,-0.000769146284898492,0.00150361790513229,85542095.0020665,256626285.0062,0.00566228181448721
6.9,-257007237.387154,4.44245885249673e-09,1.19224933151148e-09,-0.0018,0.000514855428979325,0.000514855428979325,-0.000770289142041354,0.00154323695274881,85669079.1290513,257007237.387154,0.00570037705258244
6.92,-257388189.768108,4.1044971548075e-09,6.8232666614808e-10,-0.00184,0.000534284000407894,0.000534284000407893,-0.000771431999184216,0.00158285600036545,85796063.256036,257388189.768108,0.00573847229067767
6.94,-257769142.149062,3.76653545711828e-09,1.72404000784682e-10,-0.00188,0.000553712571836462,0.000553712571836462,-0.000772574856327079,0.00162247504798221,85923047.3830207,257769142.149062,0.00577656752877289
6.96,-258150094.530015,3.1481773281178e-09,-3.76404843302387e-10,-0.00192,0.000573141143265033,0.000573141143265032,-0.000773717713469939,0.00166209409559909,86050031.5100051,258150094.530015,0.00581466276686813
6.98,-258531046.910968,3.34556066248233e-09,-1.051035977964e-10,-0.00196000000000001,0.000592569714693604,0.000592569714693604,-0.000774860570612798,0.00170171314321606,86177015.6369894,258531046.910968,0.00585275800496337
